date,hotspots_sumatra,hotspots_borneo,hotspots_peninsula
2019-01-01,26,11,7
2019-01-02,33,8,0
2019-01-03,55,8,24
2019-01-04,66,39,20
2019-01-05,55,38,18
2019-01-06,24,60,23
2019-01-07,17,76,13
2019-01-08,11,43,7
2019-01-09,8,58,24
2019-01-10,15,42,7
2019-01-11,8,36,17
2019-01-12,14,67,25
2019-01-13,16,43,27
2019-01-14,7,14,20
2019-01-15,5,0,14
2019-01-16,8,15,17
2019-01-17,14,14,3
2019-01-18,17,45,3
2019-01-19,11,41,6
2019-01-20,9,25,16
2019-01-21,4,0,8
2019-01-22,10,4,21
2019-01-23,7,10,34
2019-01-24,20,12,27
2019-01-25,10,8,13
2019-01-26,23,15,13
2019-01-27,10,39,11
2019-01-28,20,55,3
2019-01-29,4,24,18
2019-01-30,10,14,1
2019-01-31,33,13,18
2019-02-01,33,15,42
2019-02-02,33,22,17
2019-02-03,8,38,33
2019-02-04,28,28,32
2019-02-05,28,14,60
2019-02-06,25,26,65
2019-02-07,45,58,87
2019-02-08,70,37,64
2019-02-09,62,62,42
2019-02-10,45,56,71
2019-02-11,109,36,113
2019-02-12,183,82,68
2019-02-13,135,89,29
2019-02-14,140,87,70
2019-02-15,486,173,61
2019-02-16,107,109,57
2019-02-17,21,108,54
2019-02-18,70,66,39
2019-02-19,65,102,38
2019-02-20,74,117,45
2019-02-21,182,104,106
2019-02-22,167,69,71
2019-02-23,207,77,149
2019-02-24,212,104,128
2019-02-25,213,70,162
2019-02-26,135,109,106
2019-02-27,90,168,29
2019-02-28,128,136,75
2019-03-01,124,176,73
2019-03-02,147,149,71
2019-03-03,59,133,90
2019-03-04,83,101,89
2019-03-05,146,158,113
2019-03-06,61,139,45
2019-03-07,151,97,115
2019-03-08,179,40,127
2019-03-09,187,45,199
2019-03-10,25,40,129
2019-03-11,11,42,101
2019-03-12,28,60,118
2019-03-13,69,71,138
2019-03-14,214,72,214
2019-03-15,249,175,195
2019-03-16,364,116,421
2019-03-17,511,149,483
2019-03-18,864,154,334
2019-03-19,832,228,313
2019-03-20,443,179,196
2019-03-21,110,136,129
2019-03-22,247,198,161
2019-03-23,360,175,137
2019-03-24,214,80,115
2019-03-25,95,116,98
2019-03-26,43,24,57
2019-03-27,201,37,53
2019-03-28,38,26,50
2019-03-29,56,48,39
2019-03-30,12,44,23
2019-03-31,6,65,7
2019-04-01,13,120,15
2019-04-02,13,87,28
2019-04-03,25,50,16
2019-04-04,48,114,49
2019-04-05,35,52,47
2019-04-06,55,133,109
2019-04-07,67,148,106
2019-04-08,41,155,48
2019-04-09,67,123,38
2019-04-10,43,88,43
2019-04-11,7,48,22
2019-04-12,14,65,20
2019-04-13,27,23,21
2019-04-14,23,44,29
2019-04-15,15,100,84
2019-04-16,11,90,61
2019-04-17,32,144,142
2019-04-18,32,128,153
2019-04-19,10,45,95
2019-04-20,18,41,93
2019-04-21,27,80,51
2019-04-22,16,67,106
2019-04-23,4,54,77
2019-04-24,19,41,41
2019-04-25,7,9,32
2019-04-26,0,16,30
2019-04-27,0,8,3
2019-04-28,7,13,5
2019-04-29,25,5,14
2019-04-30,35,22,14
2019-05-01,100,40,61
2019-05-02,109,40,42
2019-05-03,69,61,73
2019-05-04,62,70,46
2019-05-05,16,100,68
2019-05-06,79,94,91
2019-05-07,56,117,67
2019-05-08,47,133,26
2019-05-09,77,109,22
2019-05-10,48,135,25
2019-05-11,66,107,23
2019-05-12,45,98,31
2019-05-13,25,102,36
2019-05-14,37,47,39
2019-05-15,0,104,36
2019-05-16,13,30,19
2019-05-17,9,11,20
2019-05-18,14,19,71
2019-05-19,23,37,39
2019-05-20,10,56,29
2019-05-21,43,28,9
2019-05-22,25,55,12
2019-05-23,25,28,24
2019-05-24,51,61,51
2019-05-25,67,69,89
2019-05-26,101,42,60
2019-05-27,121,53,50
2019-05-28,95,49,89
2019-05-29,14,18,57
2019-05-30,7,45,33
2019-05-31,12,35,25
2019-06-01,7,26,11
2019-06-02,5,5,20
2019-06-03,6,5,11
2019-06-04,12,0,35
2019-06-05,6,19,4
2019-06-06,2,30,1
2019-06-07,12,13,3
2019-06-08,15,9,18
2019-06-09,20,14,6
2019-06-10,37,20,37
2019-06-11,2,52,14
2019-06-12,10,20,11
2019-06-13,12,28,5
2019-06-14,21,20,20
2019-06-15,8,20,32
2019-06-16,51,18,10
2019-06-17,30,27,2
2019-06-18,15,47,9
2019-06-19,45,13,6
2019-06-20,22,16,5
2019-06-21,16,59,12
2019-06-22,13,40,3
2019-06-23,53,38,15
2019-06-24,19,44,16
2019-06-25,61,69,28
2019-06-26,90,64,14
2019-06-27,124,48,16
2019-06-28,178,54,17
2019-06-29,157,91,30
2019-06-30,90,50,21
2019-07-01,126,38,28
2019-07-02,39,16,8
2019-07-03,83,25,1
2019-07-04,114,26,43
2019-07-05,167,102,30
2019-07-06,60,170,42
2019-07-07,53,135,35
2019-07-08,55,127,32
2019-07-09,50,115,21
2019-07-10,96,76,45
2019-07-11,109,125,56
2019-07-12,157,60,43
2019-07-13,209,121,13
2019-07-14,198,222,17
2019-07-15,125,280,12
2019-07-16,127,275,7
2019-07-17,87,307,24
2019-07-18,123,240,13
2019-07-19,97,153,17
2019-07-20,113,258,38
2019-07-21,65,91,30
2019-07-22,24,228,28
2019-07-23,23,172,4
2019-07-24,88,149,6
2019-07-25,163,140,7
2019-07-26,235,256,31
2019-07-27,237,115,23
2019-07-28,283,291,40
2019-07-29,341,386,72
2019-07-30,445,244,67
2019-07-31,812,534,134
2019-08-01,663,455,115
2019-08-02,729,422,71
2019-08-03,443,884,46
2019-08-04,431,1216,94
2019-08-05,470,1206,96
2019-08-06,477,921,40
2019-08-07,276,1036,20
2019-08-08,531,513,34
2019-08-09,362,1508,12
2019-08-10,304,1946,9
2019-08-11,549,1485,34
2019-08-12,752,1965,58
2019-08-13,737,1213,46
2019-08-14,599,874,18
2019-08-15,509,639,20
2019-08-16,699,1943,59
2019-08-17,524,1792,26
2019-08-18,894,1168,55
2019-08-19,813,584,76
2019-08-20,988,358,53
2019-08-21,835,1065,48
2019-08-22,883,1456,36
2019-08-23,1331,960,44
2019-08-24,592,174,15
2019-08-25,168,144,5
2019-08-26,430,156,19
2019-08-27,109,117,7
2019-08-28,13,446,8
2019-08-29,61,1344,13
2019-08-30,489,1507,22
2019-08-31,1105,1207,32
2019-09-01,1225,978,98
2019-09-02,359,2118,19
2019-09-03,614,3071,23
2019-09-04,1067,4416,19
2019-09-05,1640,4786,29
2019-09-06,1235,3093,78
2019-09-07,919,3106,49
2019-09-08,2512,2690,67
2019-09-09,2229,3000,57
2019-09-10,2507,4643,34
2019-09-11,4941,7102,60
2019-09-12,2754,5648,113
2019-09-13,1493,8782,28
2019-09-14,2860,6793,9
2019-09-15,1387,4088,13
2019-09-16,2075,4251,24
2019-09-17,3046,3220,28
2019-09-18,970,5093,9
2019-09-19,2901,5140,50
2019-09-20,4286,2436,57
2019-09-21,4894,2802,50
2019-09-22,4471,3242,57
2019-09-23,1102,4271,26
2019-09-24,762,4304,57
2019-09-25,618,3498,3
2019-09-26,408,1274,13
2019-09-27,549,472,33
2019-09-28,528,1016,38
2019-09-29,267,1016,21
2019-09-30,600,593,20
2019-10-01,679,380,19
2019-10-02,204,422,12
2019-10-03,139,223,21
2019-10-04,291,202,24
2019-10-05,771,847,40
2019-10-06,326,309,33
2019-10-07,238,167,16
2019-10-08,627,533,28
2019-10-09,773,1038,24
2019-10-10,962,1318,32
2019-10-11,1077,210,48
2019-10-12,759,255,25
2019-10-13,2961,633,15
2019-10-14,4013,682,36
2019-10-15,1086,258,21
2019-10-16,1089,211,27
2019-10-17,723,295,0
2019-10-18,261,159,10
2019-10-19,710,149,11
2019-10-20,537,136,21
2019-10-21,629,467,8
2019-10-22,1414,801,2
2019-10-23,2094,1070,2
2019-10-24,2263,1267,7
2019-10-25,945,304,13
2019-10-26,379,52,12
2019-10-27,749,218,3
2019-10-28,227,244,6
2019-10-29,443,566,5
2019-10-30,558,578,13
2019-10-31,200,16,2
2019-11-01,484,42,9
2019-11-02,582,187,6
2019-11-03,316,377,13
2019-11-04,346,688,8
2019-11-05,26,1334,1
2019-11-06,572,977,8
2019-11-07,1233,1088,17
2019-11-08,687,804,0
2019-11-09,1215,793,13
2019-11-10,1645,1370,8
2019-11-11,844,750,13
2019-11-12,486,192,8
2019-11-13,134,166,8
2019-11-14,58,181,3
2019-11-15,67,295,5
2019-11-16,167,460,8
2019-11-17,296,502,21
2019-11-18,79,266,13
2019-11-19,62,250,3
2019-11-20,75,208,3
2019-11-21,68,104,5
2019-11-22,29,162,11
2019-11-23,34,145,10
2019-11-24,41,74,13
2019-11-25,167,101,5
2019-11-26,94,145,17
2019-11-27,162,181,18
2019-11-28,370,100,16
2019-11-29,257,122,5
2019-11-30,166,51,2
2019-12-01,112,37,3
2019-12-02,7,35,1
2019-12-03,9,64,21
2019-12-04,9,16,13
2019-12-05,8,61,10
2019-12-06,23,23,7
2019-12-07,2,63,6
2019-12-08,12,25,8
2019-12-09,38,29,6
2019-12-10,37,28,11
2019-12-11,32,23,14
2019-12-12,29,24,25
2019-12-13,17,26,6
2019-12-14,47,45,6
2019-12-15,21,29,0
2019-12-16,10,27,2
2019-12-17,6,21,6
2019-12-18,1,10,3
2019-12-19,20,30,14
2019-12-20,11,56,22
2019-12-21,26,39,9
2019-12-22,11,12,32
2019-12-23,17,8,35
2019-12-24,7,16,37
2019-12-25,12,17,34
2019-12-26,9,21,20
2019-12-27,9,31,23
2019-12-28,9,21,28
2019-12-29,8,22,23
2019-12-30,31,31,37
2019-12-31,7,36,14
2020-01-01,34,22,10
2020-01-02,19,1,13
2020-01-03,9,2,21
2020-01-04,31,9,36
2020-01-05,76,19,35
2020-01-06,136,22,6
2020-01-07,94,3,24
2020-01-08,103,15,20
2020-01-09,19,51,18
2020-01-10,0,16,1
2020-01-11,3,0,7
2020-01-12,23,0,31
2020-01-13,7,18,44
2020-01-14,46,16,40
2020-01-15,61,22,57
2020-01-16,36,21,46
2020-01-17,66,21,45
2020-01-18,104,29,36
2020-01-19,54,51,28
2020-01-20,13,68,13
2020-01-21,11,80,25
2020-01-22,43,86,36
2020-01-23,53,129,57
2020-01-24,52,48,79
2020-01-25,73,80,75
2020-01-26,22,41,19
2020-01-27,23,53,22
2020-01-28,27,56,48
2020-01-29,19,36,16
2020-01-30,11,16,16
2020-01-31,13,43,18
2020-02-01,39,45,25
2020-02-02,31,58,30
2020-02-03,34,24,52
2020-02-04,55,26,61
2020-02-05,64,43,47
2020-02-06,17,59,35
2020-02-07,53,60,62
2020-02-08,9,21,69
2020-02-09,58,13,11
2020-02-10,47,14,8
2020-02-11,22,46,11
2020-02-12,34,56,18
2020-02-13,11,48,19
2020-02-14,16,27,28
2020-02-15,11,9,29
2020-02-16,6,30,40
2020-02-17,16,50,27
2020-02-18,10,35,10
2020-02-19,8,59,33
2020-02-20,36,57,35
2020-02-21,52,83,28
2020-02-22,101,119,17
2020-02-23,171,162,30
2020-02-24,180,136,38
2020-02-25,142,80,58
2020-02-26,244,24,51
2020-02-27,207,42,55
2020-02-28,223,17,66
2020-02-29,141,94,117
2020-03-01,204,73,73
2020-03-02,423,45,66
2020-03-03,297,42,56
2020-03-04,100,4,39
2020-03-05,0,12,26
2020-03-06,29,8,0
2020-03-07,29,20,36
2020-03-08,46,36,70
2020-03-09,53,46,68
2020-03-10,133,62,78
2020-03-11,140,85,90
2020-03-12,62,51,65
2020-03-13,91,50,66
2020-03-14,127,93,32
2020-03-15,132,154,50
2020-03-16,207,155,118
2020-03-17,146,139,35
2020-03-18,183,134,94
2020-03-19,112,102,90
2020-03-20,77,36,58
2020-03-21,12,66,46
2020-03-22,56,55,21
2020-03-23,12,49,22
2020-03-24,30,47,33
2020-03-25,60,59,58
2020-03-26,43,43,47
2020-03-27,29,53,74
2020-03-28,22,21,41
2020-03-29,58,49,83
2020-03-30,50,31,95
2020-03-31,46,27,95
2020-04-01,59,33,112
2020-04-02,24,52,27
2020-04-03,43,85,34
2020-04-04,29,119,47
2020-04-05,9,75,5
2020-04-06,9,107,6
2020-04-07,12,12,8
2020-04-08,9,25,38
2020-04-09,16,55,40
2020-04-10,69,45,30
2020-04-11,68,46,54
2020-04-12,28,77,117
2020-04-13,29,59,22
2020-04-14,17,142,38
2020-04-15,47,139,34
2020-04-16,34,72,65
2020-04-17,60,73,57
2020-04-18,42,26,58
2020-04-19,61,34,134
2020-04-20,133,69,175
2020-04-21,106,66,22
2020-04-22,67,67,8
2020-04-23,38,27,4
2020-04-24,10,26,19
2020-04-25,31,17,10
2020-04-26,6,19,0
2020-04-27,3,29,4
2020-04-28,1,4,0
2020-04-29,1,26,5
2020-04-30,3,32,1
2020-05-01,0,52,4
2020-05-02,5,24,2
2020-05-03,10,11,13
2020-05-04,11,30,17
2020-05-05,10,39,25
2020-05-06,20,57,11
2020-05-07,17,63,16
2020-05-08,6,71,5
2020-05-09,3,43,10
2020-05-10,7,50,14
2020-05-11,22,42,20
2020-05-12,23,29,5
2020-05-13,19,70,8
2020-05-14,7,58,19
2020-05-15,36,41,18
2020-05-16,10,32,9
2020-05-17,0,38,2
2020-05-18,2,13,7
2020-05-19,17,47,18
2020-05-20,3,49,24
2020-05-21,21,11,52
2020-05-22,0,11,16
2020-05-23,11,35,11
2020-05-24,27,19,0
2020-05-25,49,18,23
2020-05-26,13,88,15
2020-05-27,1,43,1
2020-05-28,59,20,18
2020-05-29,42,51,3
2020-05-30,59,43,8
2020-05-31,13,35,18
2020-06-01,12,29,17
2020-06-02,27,32,11
2020-06-03,35,49,13
2020-06-04,5,49,2
2020-06-05,1,21,1
2020-06-06,17,4,3
2020-06-07,12,44,2
2020-06-08,44,41,14
2020-06-09,138,35,9
2020-06-10,65,67,9
2020-06-11,46,43,10
2020-06-12,14,71,4
2020-06-13,9,59,1
2020-06-14,40,15,4
2020-06-15,45,34,12
2020-06-16,19,46,16
2020-06-17,10,57,7
2020-06-18,2,19,1
2020-06-19,11,14,0
2020-06-20,7,36,2
2020-06-21,6,23,10
2020-06-22,4,18,3
2020-06-23,4,24,10
2020-06-24,6,20,1
2020-06-25,53,6,1
2020-06-26,52,4,0
2020-06-27,33,2,3
2020-06-28,62,4,9
2020-06-29,93,24,0
2020-06-30,162,40,2
2020-07-01,79,65,5
2020-07-02,49,30,3
2020-07-03,27,34,9
2020-07-04,41,35,12
2020-07-05,89,27,20
2020-07-06,64,39,13
2020-07-07,13,17,3
2020-07-08,2,16,6
2020-07-09,3,21,0
2020-07-10,13,7,9
2020-07-11,43,15,12
2020-07-12,24,14,6
2020-07-13,5,31,6
2020-07-14,13,13,3
2020-07-15,17,30,10
2020-07-16,34,27,14
2020-07-17,24,102,10
2020-07-18,11,63,7
2020-07-19,31,52,27
2020-07-20,33,47,16
2020-07-21,14,63,22
2020-07-22,13,33,16
2020-07-23,15,15,1
2020-07-24,14,18,9
2020-07-25,22,47,22
2020-07-26,32,22,10
2020-07-27,38,36,3
2020-07-28,84,76,1
2020-07-29,50,54,0
2020-07-30,31,24,0
2020-07-31,48,17,0
2020-08-01,80,36,2
2020-08-02,85,28,2
2020-08-03,44,82,8
2020-08-04,19,21,2
2020-08-05,5,15,2
2020-08-06,112,37,3
2020-08-07,155,161,41
2020-08-08,177,579,32
2020-08-09,144,849,37
2020-08-10,118,952,11
2020-08-11,34,561,8
2020-08-12,85,91,2
2020-08-13,43,221,3
2020-08-14,19,331,0
2020-08-15,43,120,3
2020-08-16,38,107,18
2020-08-17,37,367,14
2020-08-18,22,71,8
2020-08-19,41,136,9
2020-08-20,51,189,15
2020-08-21,62,432,4
2020-08-22,59,670,9
2020-08-23,75,173,16
2020-08-24,131,295,15
2020-08-25,60,353,47
2020-08-26,63,363,23
2020-08-27,132,352,29
2020-08-28,122,233,26
2020-08-29,73,164,24
2020-08-30,107,446,47
2020-08-31,83,110,17
2020-09-01,53,45,9
2020-09-02,28,68,17
2020-09-03,4,17,24
2020-09-04,8,69,2
2020-09-05,12,109,6
2020-09-06,20,42,5
2020-09-07,37,19,15
2020-09-08,24,107,59
2020-09-09,16,32,13
2020-09-10,11,102,10
2020-09-11,14,8,4
2020-09-12,25,40,1
2020-09-13,50,11,0
2020-09-14,13,12,1
2020-09-15,21,94,12
2020-09-16,53,342,7
2020-09-17,46,598,1
2020-09-18,215,1238,0
2020-09-19,73,339,21
2020-09-20,11,964,2
2020-09-21,0,399,9
2020-09-22,20,157,6
2020-09-23,38,1,17
2020-09-24,68,9,9
2020-09-25,18,53,3
2020-09-26,6,150,0
2020-09-27,7,32,0
2020-09-28,62,12,6
2020-09-29,123,220,8
2020-09-30,43,260,6
2020-10-01,19,476,13
2020-10-02,4,169,0
2020-10-03,8,73,0
2020-10-04,44,38,2
2020-10-05,106,134,12
2020-10-06,17,623,5
2020-10-07,46,501,6
2020-10-08,9,225,2
2020-10-09,1,2,0
2020-10-10,6,30,0
2020-10-11,5,142,2
2020-10-12,11,34,0
2020-10-13,3,136,0
2020-10-14,7,101,0
2020-10-15,74,1,5
2020-10-16,33,5,13
2020-10-17,65,58,14
2020-10-18,45,63,13
2020-10-19,39,8,10
2020-10-20,45,36,9
2020-10-21,18,63,3
2020-10-22,0,152,0
2020-10-23,10,230,1
2020-10-24,6,97,3
2020-10-25,9,31,0
2020-10-26,14,27,1
2020-10-27,39,6,10
2020-10-28,20,34,7
2020-10-29,21,56,17
2020-10-30,28,125,18
2020-10-31,38,12,2
2020-11-01,8,15,4
2020-11-02,2,6,4
2020-11-03,8,29,0
2020-11-04,12,37,0
2020-11-05,3,62,7
2020-11-06,6,25,8
2020-11-07,7,23,5
2020-11-08,10,38,6
2020-11-09,13,53,12
2020-11-10,25,58,6
2020-11-11,31,94,5
2020-11-12,73,218,4
2020-11-13,27,243,16
2020-11-14,22,83,15
2020-11-15,23,61,9
2020-11-16,13,38,11
2020-11-17,11,23,3
2020-11-18,28,42,8
2020-11-19,15,10,12
2020-11-20,10,25,4
2020-11-21,8,23,0
2020-11-22,1,20,5
2020-11-23,0,5,0
2020-11-24,1,13,5
2020-11-25,7,9,1
2020-11-26,1,7,0
2020-11-27,2,5,1
2020-11-28,3,4,1
2020-11-29,1,3,14
2020-11-30,21,9,2
2020-12-01,57,13,2
2020-12-02,72,34,0
2020-12-03,20,39,2
2020-12-04,50,33,2
2020-12-05,3,23,16
2020-12-06,10,27,9
2020-12-07,13,25,2
2020-12-08,83,29,3
2020-12-09,9,13,11
2020-12-10,4,52,11
2020-12-11,6,12,4
2020-12-12,4,15,0
2020-12-13,8,18,4
2020-12-14,5,17,4
2020-12-15,0,11,12
2020-12-16,2,11,3
2020-12-17,2,9,0
2020-12-19,0,2,0
2020-12-20,8,5,1
2020-12-21,12,6,16
2020-12-22,20,5,3
2020-12-23,19,4,15
2020-12-24,5,12,3
2020-12-25,4,7,10
2020-12-26,4,8,5
2020-12-27,9,10,15
2020-12-28,3,20,6
2020-12-29,2,4,15
2020-12-30,6,0,22
2020-12-31,2,8,3
2021-01-01,1,6,0
2021-01-02,1,5,0
2021-01-03,1,6,0
2021-01-04,1,2,2
2021-01-05,11,6,4
2021-01-06,5,12,3
2021-01-07,3,5,1
2021-01-08,4,9,0
2021-01-09,0,19,0
2021-01-10,0,4,0
2021-01-11,0,11,0
2021-01-12,0,4,2
2021-01-13,1,0,6
2021-01-14,2,2,3
2021-01-15,5,4,2
2021-01-16,6,0,1
2021-01-17,1,5,8
2021-01-18,2,0,6
2021-01-19,3,2,4
2021-01-20,14,33,9
2021-01-21,19,10,20
2021-01-22,23,9,6
2021-01-23,62,5,7
2021-01-24,35,13,10
2021-01-25,2,14,24
2021-01-26,2,16,9
2021-01-27,5,11,8
2021-01-28,2,12,6
2021-01-29,2,14,1
2021-01-30,2,10,12
2021-01-31,4,8,3
2021-02-01,1,0,2
2021-02-02,6,5,16
2021-02-03,9,5,6
2021-02-04,16,7,22
2021-02-05,20,17,24
2021-02-06,57,13,43
2021-02-07,17,12,33
2021-02-08,21,13,27
2021-02-09,32,23,17
2021-02-10,41,41,40
2021-02-11,49,29,28
2021-02-12,67,23,30
2021-02-13,82,12,28
2021-02-14,98,58,40
2021-02-15,42,158,70
2021-02-16,61,149,48
2021-02-17,94,24,62
2021-02-18,38,82,70
2021-02-19,115,72,46
2021-02-20,160,29,46
2021-02-21,183,46,26
2021-02-22,200,10,53
2021-02-23,130,63,83
2021-02-24,47,121,66
2021-02-25,41,301,94
2021-02-26,133,412,157
2021-02-27,201,657,165
2021-02-28,162,65,117
2021-03-01,86,86,94
2021-03-02,124,110,104
2021-03-03,66,24,85
2021-03-04,93,23,27
2021-03-05,249,28,72
2021-03-06,30,66,92
2021-03-07,4,34,30
2021-03-08,37,30,55
2021-03-09,39,15,143
2021-03-10,129,22,78
2021-03-11,99,8,41
2021-03-12,45,25,14
2021-03-13,91,18,32
2021-03-14,173,25,50
2021-03-15,36,31,37
2021-03-16,16,15,49
2021-03-17,29,46,43
2021-03-18,17,17,49
2021-03-19,19,34,61
2021-03-20,6,29,37
2021-03-21,26,26,87
2021-03-22,22,17,10
2021-03-23,16,12,1
2021-03-24,4,18,0
2021-03-25,3,14,0
2021-03-26,10,6,11
2021-03-27,6,15,9
2021-03-28,2,21,5
2021-03-29,4,15,19
2021-03-30,2,21,12
2021-03-31,2,44,10
2021-04-01,3,27,28
2021-04-02,9,24,12
2021-04-03,6,49,9
2021-04-04,13,82,5
2021-04-05,12,47,4
2021-04-06,11,61,15
2021-04-07,18,45,14
2021-04-08,9,58,24
2021-04-09,62,71,28
2021-04-10,13,61,26
2021-04-11,17,14,23
2021-04-12,26,33,32
2021-04-13,18,33,17
2021-04-14,20,28,16
2021-04-15,17,40,19
2021-04-16,14,55,11
2021-04-17,10,52,9
2021-04-18,31,29,10
2021-04-19,30,55,10
2021-04-20,21,76,28
2021-04-21,36,95,11
2021-04-22,16,121,10
2021-04-23,14,123,2
2021-04-24,10,99,4
2021-04-25,32,67,21
2021-04-26,49,75,11
2021-04-27,14,32,14
2021-04-28,20,38,27
2021-04-29,11,32,15
2021-04-30,1,19,1
2021-05-01,22,26,15
2021-05-02,9,45,11
2021-05-03,14,22,14
2021-05-04,9,29,12
2021-05-05,2,10,1
2021-05-06,7,4,2
2021-05-07,12,1,2
2021-05-08,16,22,5
2021-05-09,20,25,29
2021-05-10,21,42,15
2021-05-11,23,29,14
2021-05-12,22,32,10
2021-05-13,41,37,16
2021-05-14,16,19,15
2021-05-15,13,20,20
2021-05-16,5,23,12
2021-05-17,7,12,5
2021-05-18,1,7,6
2021-05-19,7,0,1
2021-05-20,2,11,1
2021-05-21,20,11,0
2021-05-22,5,8,3
2021-05-23,27,7,10
2021-05-24,15,32,17
2021-05-25,26,59,8
2021-05-26,25,98,10
2021-05-27,16,57,1
2021-05-28,25,46,12
2021-05-29,9,42,16
2021-05-30,12,49,28
2021-05-31,15,41,22
2021-06-01,26,22,16
2021-06-02,21,48,25
2021-06-03,41,93,24
2021-06-04,13,99,18
2021-06-05,60,82,14
2021-06-06,41,32,29
2021-06-07,46,25,11
2021-06-08,38,23,25
2021-06-09,26,53,19
2021-06-10,11,48,2
2021-06-11,28,39,6
2021-06-12,33,23,1
2021-06-13,22,29,7
2021-06-14,21,19,19
2021-06-15,19,29,16
2021-06-16,32,49,20
2021-06-17,33,34,7
2021-06-18,3,28,9
2021-06-19,22,40,8
2021-06-20,21,25,0
2021-06-21,27,12,7
2021-06-22,48,15,3
2021-06-23,28,42,12
2021-06-24,29,9,12
2021-06-25,29,29,26
2021-06-26,19,81,30
2021-06-27,14,12,12
2021-06-28,32,18,8
2021-06-29,15,30,7
2021-06-30,13,20,23
2021-07-01,14,10,23
2021-07-02,34,19,17
2021-07-03,39,33,8
2021-07-04,45,37,11
2021-07-05,31,36,3
2021-07-06,21,58,0
2021-07-07,19,36,3
2021-07-08,21,12,1
2021-07-09,26,31,4
2021-07-10,5,37,0
2021-07-11,6,17,1
2021-07-12,8,15,1
2021-07-13,0,25,0
2021-07-14,6,3,0
2021-07-15,28,1,16
2021-07-16,68,1,15
2021-07-17,57,29,25
2021-07-18,145,81,4
2021-07-19,111,154,14
2021-07-20,70,134,11
2021-07-21,120,147,15
2021-07-22,103,142,20
2021-07-23,55,204,2
2021-07-24,103,300,4
2021-07-25,196,227,42
2021-07-26,183,249,24
2021-07-27,223,315,41
2021-07-28,133,334,25
2021-07-29,147,264,0
2021-07-30,144,83,0
2021-07-31,161,137,17
2021-08-01,80,129,7
2021-08-02,48,85,15
2021-08-03,53,180,12
2021-08-04,4,24,2
2021-08-05,52,120,11
2021-08-06,54,151,27
2021-08-07,59,490,22
2021-08-08,67,45,9
2021-08-09,85,111,15
2021-08-10,36,113,33
2021-08-11,65,359,9
2021-08-12,46,48,11
2021-08-13,19,21,21
2021-08-14,9,135,11
2021-08-15,11,60,2
2021-08-16,24,47,5
2021-08-17,15,50,12
2021-08-18,2,67,1
2021-08-19,18,22,0
2021-08-20,3,28,0
2021-08-21,3,14,8
2021-08-22,11,5,0
2021-08-23,33,18,6
2021-08-24,21,70,15
2021-08-25,30,32,2
2021-08-26,114,59,8
2021-08-27,65,175,9
2021-08-28,51,69,6
2021-08-29,24,103,4
2021-08-30,9,44,4
2021-08-31,18,15,0
2021-09-01,6,39,3
2021-09-02,5,16,0
2021-09-03,26,10,1
2021-09-04,19,37,14
2021-09-05,64,233,12
2021-09-06,55,290,7
2021-09-07,24,288,7
2021-09-08,20,47,5
2021-09-09,49,160,21
2021-09-10,142,220,6
2021-09-11,72,29,25
2021-09-12,38,98,2
2021-09-13,0,44,0
2021-09-14,17,125,1
2021-09-15,46,1,6
2021-09-16,130,89,18
2021-09-17,149,1148,25
2021-09-18,46,273,11
2021-09-19,42,260,3
2021-09-20,62,237,14
2021-09-21,228,110,9
2021-09-22,204,755,16
2021-09-23,59,877,17
2021-09-24,45,54,8
2021-09-25,31,149,15
2021-09-26,11,127,5
2021-09-27,21,161,6
2021-09-28,21,188,6
2021-09-29,6,45,16
2021-09-30,3,108,6
2021-10-01,2,15,0
2021-10-02,45,21,0
2021-10-03,68,12,12
2021-10-04,45,143,6
2021-10-05,24,261,1
2021-10-06,57,137,3
2021-10-07,49,127,5
2021-10-08,123,130,17
2021-10-09,78,448,16
2021-10-10,47,184,18
2021-10-11,104,112,22
2021-10-12,65,85,8
2021-10-13,121,168,39
2021-10-14,59,378,9
2021-10-15,97,171,36
2021-10-16,58,345,9
2021-10-17,9,21,0
2021-10-18,6,20,2
2021-10-19,9,29,13
2021-10-20,8,14,0
2021-10-21,32,17,10
2021-10-22,9,15,10
2021-10-23,40,51,8
2021-10-24,42,153,13
2021-10-25,13,63,13
2021-10-26,10,38,8
2021-10-27,15,99,7
2021-10-28,3,38,1
2021-10-29,53,11,2
2021-10-30,22,26,9
2021-10-31,16,27,17
2021-11-01,14,49,14
2021-11-02,5,18,1
2021-11-03,17,25,0
2021-11-04,7,10,13
2021-11-05,2,24,3
2021-11-06,23,68,23
2021-11-07,4,17,6
2021-11-08,24,13,5
2021-11-09,38,12,8
2021-11-10,0,9,0
2021-11-11,1,7,4
2021-11-12,8,10,0
2021-11-13,4,0,0
2021-11-14,18,8,1
2021-11-15,27,8,7
2021-11-16,90,7,3
2021-11-17,16,29,2
2021-11-18,2,24,1
2021-11-19,16,32,0
2021-11-20,35,16,10
2021-11-21,4,33,13
2021-11-22,13,67,9
2021-11-23,32,33,3
2021-11-24,6,9,0
2021-11-25,56,11,1
2021-11-26,26,21,0
2021-11-27,3,24,8
2021-11-28,3,0,0
2021-11-29,116,0,2
2021-11-30,66,11,2
2021-12-01,194,34,13
2021-12-02,28,62,0
2021-12-03,16,12,2
2021-12-04,6,4,12
2021-12-05,1,14,1
2021-12-06,9,1,4
2021-12-07,14,13,6
2021-12-08,34,24,18
2021-12-09,24,19,16
2021-12-10,2,0,0
2021-12-11,3,7,3
2021-12-12,0,11,8
2021-12-13,5,7,14
2021-12-14,12,4,6
2021-12-15,9,10,2
2021-12-16,2,13,3
2021-12-17,1,9,0
2021-12-18,4,8,0
2021-12-19,4,5,1
2021-12-20,0,6,2
2021-12-21,6,11,2
2021-12-22,17,15,9
2021-12-23,3,28,8
2021-12-24,9,13,13
2021-12-25,17,13,10
2021-12-26,41,12,10
2021-12-27,26,10,23
2021-12-28,16,21,21
2021-12-29,13,6,2
2021-12-30,26,5,0
2021-12-31,1,5,0
2022-01-01,3,9,3
2022-01-02,2,3,1
2022-01-03,5,2,4
2022-01-04,17,6,7
2022-01-05,32,17,8
2022-01-06,38,22,13
2022-01-07,10,8,15
2022-01-08,15,5,12
2022-01-09,8,17,19
2022-01-10,1,30,13
2022-01-11,6,15,10
2022-01-12,16,5,29
2022-01-13,26,4,30
2022-01-14,37,13,34
2022-01-15,46,8,39
2022-01-16,41,14,22
2022-01-17,21,12,19
2022-01-18,2,13,21
2022-01-19,0,6,23
2022-01-20,23,2,32
2022-01-21,19,6,5
2022-01-22,21,27,24
2022-01-23,55,21,42
2022-01-24,8,30,12
2022-01-25,12,14,40
2022-01-26,24,33,13
2022-01-27,57,10,38
2022-01-28,95,9,62
2022-01-29,52,32,71
2022-01-30,33,29,27
2022-01-31,22,70,43
2022-02-01,19,37,38
2022-02-02,24,7,46
2022-02-03,34,41,24
2022-02-04,4,31,10
2022-02-05,2,18,4
2022-02-06,3,13,1
2022-02-07,13,13,7
2022-02-08,11,2,2
2022-02-09,1,5,13
2022-02-10,1,1,4
2022-02-11,1,0,6
2022-02-12,36,0,12
2022-02-13,15,5,6
2022-02-14,64,24,5
2022-02-15,62,9,9
2022-02-16,12,19,3
2022-02-17,4,29,0
2022-02-18,16,14,23
2022-02-19,20,4,12
2022-02-20,42,0,11
2022-02-21,99,5,18
2022-02-22,82,8,5
2022-02-23,93,30,2
2022-02-24,34,14,0
2022-02-25,28,10,11
2022-02-26,64,42,2
2022-02-27,108,42,3
2022-02-28,144,75,9
2022-03-01,16,80,3
2022-03-02,7,121,12
2022-03-03,2,30,4
2022-03-04,10,39,6
2022-03-05,7,2,3
2022-03-06,4,11,6
2022-03-07,7,16,2
2022-03-08,7,10,5
2022-03-09,5,20,8
2022-03-10,7,34,18
2022-03-11,13,32,18
2022-03-12,22,48,15
2022-03-13,19,98,19
2022-03-14,21,45,20
2022-03-15,12,22,11
2022-03-16,13,23,10
2022-03-17,7,15,10
2022-03-18,0,3,2
2022-03-19,5,7,15
2022-03-20,16,4,4
2022-03-21,32,1,0
2022-03-22,126,0,7
2022-03-23,112,31,3
2022-03-24,167,77,18
2022-03-25,157,14,22
2022-03-26,165,65,22
2022-03-27,314,74,30
2022-03-28,286,199,26
2022-03-29,389,279,29
2022-03-30,161,32,27
2022-03-31,84,318,14
2022-04-01,298,17,26
2022-04-02,173,260,4
2022-04-03,171,156,0
2022-04-04,202,50,21
2022-04-05,99,18,7
2022-04-06,103,4,2
2022-04-07,0,14,4
2022-04-08,44,5,0
2022-04-09,20,13,14
2022-04-10,81,19,16
2022-04-11,122,31,11
2022-04-12,151,39,11
2022-04-13,53,43,5
2022-04-14,64,72,19
2022-04-15,9,105,15
2022-04-16,68,38,19
2022-04-17,114,99,7
2022-04-18,18,85,13
2022-04-19,27,19,8
2022-04-20,29,28,5
2022-04-21,2,23,6
2022-04-22,13,12,8
2022-04-23,13,50,12
2022-04-24,11,34,12
2022-04-25,20,3,13
2022-04-26,9,21,20
2022-04-27,13,10,6
2022-04-28,14,29,23
2022-04-29,34,41,13
2022-04-30,26,28,17
2022-05-01,13,44,11
2022-05-02,1,27,2
2022-05-03,15,79,3
2022-05-04,3,31,1
2022-05-05,8,49,12
2022-05-06,10,38,5
2022-05-07,7,25,4
2022-05-08,15,5,0
2022-05-09,39,3,2
2022-05-10,42,9,21
2022-05-11,20,38,5
2022-05-12,24,12,8
2022-05-13,66,12,11
2022-05-14,134,15,10
2022-05-15,114,49,6
2022-05-16,38,66,3
2022-05-17,40,6,11
2022-05-18,78,36,10
2022-05-19,94,37,2
2022-05-20,55,12,36
2022-05-21,24,7,25
2022-05-22,60,19,14
2022-05-23,66,48,18
2022-05-24,23,46,12
2022-05-25,0,53,4
2022-05-26,24,5,12
2022-05-27,38,4,10
2022-05-28,12,49,11
2022-05-29,59,27,13
2022-05-30,132,103,11
2022-05-31,115,140,32
2022-06-01,104,95,13
2022-06-02,30,58,6
2022-06-03,30,43,10
2022-06-04,56,33,4
2022-06-05,46,55,10
2022-06-06,28,51,20
2022-06-07,39,20,14
2022-06-08,27,57,14
2022-06-09,10,29,6
2022-06-10,34,12,23
2022-06-11,7,19,5
2022-06-12,1,18,15
2022-06-13,14,28,14
2022-06-14,26,42,11
2022-06-15,20,49,16
2022-06-16,8,40,11
2022-06-17,16,16,13
2022-06-18,28,22,12
2022-06-19,19,49,18
2022-06-20,18,30,18
2022-06-21,13,20,19
2022-06-22,16,17,25
2022-06-23,6,6,14
2022-06-24,13,24,9
2022-06-25,17,35,4
2022-06-26,18,24,17
2022-06-27,62,14,24
2022-06-28,1,0,13
2022-06-29,14,35,12
2022-06-30,28,12,1
2022-07-01,84,12,25
2022-07-02,122,66,24
2022-07-03,81,67,35
2022-07-04,80,33,23
2022-07-05,17,33,2
2022-07-06,38,13,5
2022-07-07,159,48,29
2022-07-08,79,38,7
2022-07-09,144,11,25
2022-07-10,55,29,3
2022-07-11,76,18,7
2022-07-12,28,26,3
2022-07-13,6,3,3
2022-07-14,28,21,3
2022-07-15,48,73,14
2022-07-16,99,121,5
2022-07-17,221,4,13
2022-07-18,233,49,17
2022-07-19,122,294,14
2022-07-20,102,352,31
2022-07-21,88,420,29
2022-07-22,18,52,15
2022-07-23,39,75,45
2022-07-24,6,83,23
2022-07-25,0,57,14
2022-07-26,1,52,0
2022-08-11,189,1052,14
2022-08-12,230,346,14
2022-08-13,48,177,27
2022-08-14,47,22,25
2022-08-15,46,326,18
2022-08-16,26,222,14
2022-08-17,78,124,25
2022-08-18,162,626,15
2022-08-19,76,802,18
2022-08-20,24,467,9
2022-08-21,4,185,7
2022-08-22,29,116,12
2022-08-23,25,103,12
2022-08-24,47,90,17
2022-08-25,17,10,0
2022-08-26,15,66,6
2022-08-27,2,54,1
2022-08-28,29,39,3
2022-08-29,35,39,4
2022-08-30,7,14,1
2022-08-31,14,29,15
2022-09-01,18,196,13
2022-09-02,9,36,6
2022-09-03,7,31,3
2022-09-04,43,0,4
2022-09-05,10,0,2
2022-09-06,20,14,3
2022-09-07,11,131,2
2022-09-08,3,29,0
2022-09-09,57,5,1
2022-09-10,36,11,0
2022-09-11,14,88,3
2022-09-12,42,328,17
2022-09-13,32,33,7
2022-09-14,30,43,6
2022-09-15,59,96,0
2022-09-16,33,296,16
2022-09-17,28,270,13
2022-09-18,11,144,0
2022-09-19,1,117,9
2022-09-20,19,74,6
2022-09-21,25,55,10
2022-09-22,9,315,15
2022-09-23,1,102,18
2022-09-24,23,17,35
2022-09-25,27,63,56
2022-09-26,52,28,11
2022-09-27,42,216,6
2022-09-28,36,394,11
2022-09-29,45,25,4
2022-09-30,72,59,6
2022-10-01,19,75,1
2022-10-02,2,129,4
2022-10-03,18,3,0
2022-10-04,9,17,3
2022-10-05,9,4,0
2022-10-06,3,13,2
2022-10-07,0,27,1
2022-10-08,0,15,1
2022-10-09,7,6,3
2022-10-10,10,14,3
2022-10-11,7,8,10
2022-10-12,10,19,2
2022-10-13,4,8,5
2022-10-14,18,52,12
2022-10-15,13,25,4
2022-10-16,17,43,4
2022-10-17,5,26,1
2022-10-18,10,4,3
2022-10-19,10,10,2
2022-10-20,8,23,0
2022-10-21,4,20,1
2022-10-22,10,15,2
2022-10-23,3,107,2
2022-10-24,2,18,0
2022-10-25,0,28,2
2022-10-26,1,5,0
2022-10-27,7,0,0
2022-10-28,8,3,0
2022-10-29,9,26,5
2022-10-30,5,98,1
2022-10-31,3,68,0
2022-11-01,22,7,0
2022-11-02,19,32,2
2022-11-03,6,35,4
2022-11-04,1,7,1
2022-11-05,1,26,0
2022-11-06,4,18,0
2022-11-07,6,18,11
2022-11-08,1,11,7
2022-11-09,5,17,3
2022-11-10,3,17,4
2022-11-11,1,16,2
2022-11-12,5,17,8
2022-11-13,1,26,2
2022-11-14,0,19,4
2022-11-15,3,5,4
2022-11-16,2,9,4
2022-11-17,3,7,3
2022-11-18,12,2,0
2022-11-19,2,8,1
2022-11-20,18,13,11
2022-11-21,28,4,7
2022-11-22,110,19,0
2022-11-23,12,23,2
2022-11-24,14,4,14
2022-11-25,1,33,8
2022-11-26,28,22,13
2022-11-27,30,23,12
2022-11-28,19,38,26
2022-11-29,14,62,15
2022-11-30,26,21,14
2022-12-01,9,18,3
2022-12-02,0,24,0
2022-12-03,4,19,1
2022-12-04,1,28,7
2022-12-05,4,11,10
2022-12-06,2,13,10
2022-12-07,1,9,12
2022-12-08,1,17,1
2022-12-09,0,16,0
2022-12-10,5,15,2
2022-12-11,7,27,0
2022-12-12,3,47,1
2022-12-13,5,25,5
2022-12-14,8,7,0
2022-12-15,2,7,4
2022-12-16,14,1,16
2022-12-17,25,33,8
2022-12-18,42,16,1
2022-12-19,56,41,0
2022-12-20,25,30,8
2022-12-21,19,28,6
2022-12-22,0,26,2
2022-12-23,8,1,0
2022-12-24,107,0,1
2022-12-25,33,1,2
2022-12-26,5,8,5
2022-12-27,9,9,6
2022-12-28,0,28,1
2022-12-29,4,28,0
2022-12-30,2,10,3
2022-12-31,9,83,3
2023-01-01,3,63,13
2023-01-02,9,59,5
2023-01-03,1,5,4
2023-01-04,4,19,2
2023-01-05,4,13,1
2023-01-06,9,11,5
2023-01-07,10,18,1
2023-01-08,14,2,9
2023-01-09,7,2,5
2023-01-10,61,2,11
2023-01-11,8,18,7
2023-01-12,14,30,6
2023-01-13,30,49,9
2023-01-14,19,36,4
2023-01-15,15,64,15
2023-01-16,11,84,22
2023-01-17,0,96,15
2023-01-18,2,17,14
2023-01-19,14,13,2
2023-01-20,0,16,2
2023-01-21,6,21,4
2023-01-22,3,11,3
2023-01-23,0,9,4
2023-01-24,3,4,0
2023-01-25,0,7,0
2023-01-26,0,3,3
2023-01-27,6,0,1
2023-01-28,12,1,0
2023-01-29,4,10,0
2023-01-30,4,1,0
2023-01-31,4,13,0
2023-02-01,3,8,2
2023-02-02,9,2,2
2023-02-03,2,3,14
2023-02-04,9,2,3
2023-02-05,33,8,5
2023-02-06,50,2,0
2023-02-07,4,11,15
2023-02-08,55,32,14
2023-02-09,16,23,5
2023-02-10,91,35,2
2023-02-11,26,39,9
2023-02-12,5,8,3
2023-02-13,11,1,11
2023-02-14,15,9,30
2023-02-15,25,21,10
2023-02-16,26,3,26
2023-02-17,62,31,18
2023-02-18,79,31,26
2023-02-19,27,48,21
2023-02-20,25,29,10
2023-02-21,5,64,19
2023-02-22,4,70,9
2023-02-23,3,70,16
2023-02-24,2,6,10
2023-02-25,24,17,4
2023-02-26,39,8,14
2023-02-27,13,9,3
2023-02-28,7,0,0
2023-03-01,3,1,2
2023-03-02,28,21,0
2023-03-03,3,22,0
2023-03-04,0,8,2
2023-03-05,22,7,30
2023-03-06,24,23,38
2023-03-07,29,6,14
2023-03-08,29,35,27
2023-03-09,45,51,30
2023-03-10,16,36,9
2023-03-11,3,43,37
2023-03-12,13,72,24
2023-03-13,7,51,13
2023-03-14,12,47,40
2023-03-15,33,20,14
2023-03-16,31,17,63
2023-03-17,37,23,36
2023-03-18,71,37,20
2023-03-19,32,69,50
2023-03-20,20,14,29
2023-03-21,21,18,4
2023-03-22,26,49,24
2023-03-23,24,55,30
2023-03-24,26,31,20
2023-03-25,3,7,33
2023-03-26,4,11,10
2023-03-27,3,24,40
2023-03-28,27,18,41
2023-03-29,21,17,53
2023-03-30,22,19,41
2023-03-31,4,1,18
2023-04-01,2,5,40
2023-04-02,13,8,17
2023-04-03,3,17,3
2023-04-04,39,4,27
2023-04-05,21,35,33
2023-04-06,9,12,11
2023-04-07,12,42,24
2023-04-08,33,51,26
2023-04-09,38,28,38
2023-04-10,46,41,60
2023-04-11,107,114,28
2023-04-12,49,164,53
2023-04-13,80,103,45
2023-04-14,59,29,37
2023-04-15,60,100,44
2023-04-16,26,87,13
2023-04-17,45,75,22
2023-04-18,44,92,18
2023-04-19,58,79,28
2023-04-20,30,55,7
2023-04-21,63,70,29
2023-04-22,104,51,20
2023-04-23,38,93,43
2023-04-24,15,94,46
2023-04-25,25,52,9
2023-04-26,64,41,19
2023-04-27,14,34,10
2023-04-28,27,26,18
2023-04-29,13,26,19
2023-04-30,19,20,7
2023-05-01,25,35,30
2023-05-02,87,47,8
2023-05-03,28,65,19
2023-05-04,12,43,13
2023-05-05,16,34,5
2023-05-06,3,23,8
2023-05-07,0,8,8
2023-05-08,1,18,6
2023-05-09,17,10,7
2023-05-10,48,45,12
2023-05-11,49,61,25
2023-05-12,72,87,76
2023-05-13,85,58,54
2023-05-14,56,53,51
2023-05-15,36,74,32
2023-05-16,64,69,37
2023-05-17,64,82,14
2023-05-18,29,78,18
2023-05-19,8,44,13
2023-05-20,30,82,7
2023-05-21,13,66,14
2023-05-22,65,56,18
2023-05-23,118,73,40
2023-05-24,93,36,30
2023-05-25,91,104,18
2023-05-26,41,68,6
2023-05-27,66,86,5
2023-05-28,64,100,28
2023-05-29,49,78,44
2023-05-30,20,79,27
2023-05-31,58,147,26
2023-06-01,36,88,18
2023-06-02,118,70,30
2023-06-03,77,51,46
2023-06-04,42,37,25
2023-06-05,27,15,4
2023-06-06,29,27,17
2023-06-07,10,33,8
2023-06-08,11,42,6
2023-06-09,30,48,21
2023-06-10,52,121,22
2023-06-11,61,121,12
2023-06-12,74,53,25
2023-06-13,93,87,34
2023-06-14,63,14,23
2023-06-15,63,22,15
2023-06-16,112,32,38
2023-06-17,103,19,9
2023-06-18,157,45,1
2023-06-19,180,26,23
2023-06-20,138,11,54
2023-06-21,141,105,22
2023-06-22,58,133,29
2023-06-23,35,108,5
2023-06-24,88,121,11
2023-06-25,32,119,18
2023-06-26,33,181,11
2023-06-27,18,193,9
2023-06-28,36,86,10
2023-06-29,34,108,22
2023-06-30,25,85,17
2023-07-01,9,41,0
2023-07-02,11,9,1
2023-07-03,31,1,1
2023-07-04,71,42,19
2023-07-05,31,35,7
2023-07-06,19,47,1
2023-07-07,28,10,0
2023-07-08,7,21,1
2023-07-09,29,37,21
2023-07-10,3,38,22
2023-07-11,0,58,5
2023-07-12,34,61,17
2023-07-13,14,46,11
2023-07-14,28,77,1
2023-07-15,17,21,22
2023-07-16,97,202,14
2023-07-17,34,480,13
2023-07-18,34,401,8
2023-07-19,20,500,0
2023-07-20,13,31,0
2023-07-21,53,18,10
2023-07-22,50,68,7
2023-07-23,58,122,23
2023-07-24,58,270,22
2023-07-25,133,493,14
2023-07-28,77,839,5
2023-07-29,101,1542,14
2023-07-30,156,789,12
2023-07-31,166,1400,18
2023-08-01,98,990,12
2023-08-02,65,593,17
2023-08-03,46,403,5
2023-08-04,100,557,19
2023-08-05,121,793,28
2023-08-06,207,723,33
2023-08-07,136,803,24
2023-08-08,58,721,28
2023-08-09,110,571,15
2023-08-10,192,623,24
2023-08-11,225,396,24
2023-08-12,136,719,21
2023-08-13,49,1263,14
2023-08-14,44,990,15
2023-08-15,62,642,15
2023-08-16,69,1052,11
2023-08-17,87,884,2
2023-08-18,51,1034,11
2023-08-19,39,789,10
2023-08-20,72,889,6
2023-08-21,64,759,3
2023-08-22,198,318,18
2023-08-23,91,144,12
2023-08-24,67,265,25
2023-08-25,61,126,21
2023-08-26,95,355,15
2023-08-27,85,370,27
2023-08-28,91,595,22
2023-08-29,80,1470,9
2023-08-30,150,1303,4
2023-08-31,231,1418,15
2023-09-01,551,1647,6
2023-09-02,393,1653,6
2023-09-03,347,1817,17
2023-09-04,402,1220,9
2023-09-05,255,810,1
2023-09-06,85,335,2
2023-09-07,48,141,1
2023-09-08,100,389,14
2023-09-09,127,464,18
2023-09-10,178,850,1
2023-09-11,393,264,9
2023-09-12,304,126,16
2023-09-13,450,522,33
2023-09-14,428,382,35
2023-09-15,570,354,29
2023-09-16,796,200,18
2023-09-17,243,50,16
2023-09-18,273,120,27
2023-09-19,125,133,34
2023-09-20,110,455,13
2023-09-21,173,829,5
2023-09-22,555,904,0
2023-09-23,520,1073,4
2023-09-24,233,1479,5
2023-09-25,828,2204,6
2023-09-26,821,1994,6
2023-09-27,1531,2267,24
2023-09-28,1860,2252,37
2023-09-29,658,1582,5
2023-09-30,833,1573,9
2023-10-01,659,1192,14
2023-10-02,551,2878,3
2023-10-03,672,2012,8
2023-10-04,387,1409,14
2023-10-05,777,1325,32
2023-10-06,815,1118,26
2023-10-07,1247,1284,16
2023-10-08,1020,294,35
2023-10-09,275,157,26
2023-10-10,177,518,24
2023-10-11,507,570,29
2023-10-12,603,656,29
2023-10-13,907,1249,21
2023-10-14,1309,309,34
2023-10-15,467,491,3
2023-10-16,1930,1255,14
2023-10-17,1789,464,10
2023-10-18,981,224,1
2023-10-19,130,56,13
2023-10-20,111,76,13
2023-10-21,261,167,11
2023-10-22,344,112,23
2023-10-23,296,133,16
2023-10-24,346,114,13
2023-10-25,508,224,17
2023-10-26,260,336,15
2023-10-27,595,582,33
2023-10-28,525,527,8
2023-10-29,1243,940,15
2023-10-30,830,937,14
2023-10-31,91,373,13
2023-11-01,47,529,0
2023-11-02,267,18,23
2023-11-03,303,79,5
2023-11-04,130,127,10
2023-11-05,105,159,7
2023-11-06,142,147,13
2023-11-07,98,151,10
2023-11-08,205,125,12
2023-11-09,302,123,8
2023-11-10,211,125,2
2023-11-11,86,156,14
2023-11-12,109,59,17
2023-11-13,138,72,12
2023-11-14,36,118,9
2023-11-15,75,100,10
2023-11-16,14,40,2
2023-11-17,37,59,4
2023-11-18,38,37,1
2023-11-19,80,28,9
2023-11-20,139,55,6
2023-11-21,87,46,0
2023-11-22,0,56,0
2023-11-23,14,16,5
2023-11-24,18,26,2
2023-11-25,2,43,3
2023-11-26,14,5,1
2023-11-27,4,18,0
2023-11-28,52,29,7
2023-11-29,23,70,3
2023-11-30,2,39,2
2023-12-01,6,26,5
2023-12-02,78,43,9
2023-12-03,0,47,10
2023-12-04,11,27,3
2023-12-05,58,49,2
2023-12-06,36,51,6
2023-12-07,17,27,10
2023-12-08,10,18,7
2023-12-09,11,71,14
2023-12-10,41,28,13
2023-12-11,97,34,1
2023-12-12,128,24,5
2023-12-13,77,26,3
2023-12-14,92,42,2
2023-12-15,116,65,5
2023-12-16,70,51,5
2023-12-17,63,26,6
2023-12-18,33,39,6
2023-12-19,19,24,15
2023-12-20,8,60,1
2023-12-21,26,42,15
2023-12-22,26,36,12
2023-12-23,32,46,0
2023-12-24,25,35,4
2023-12-25,7,45,3
2023-12-26,13,32,1
2023-12-27,29,54,1
2023-12-28,13,38,21
2023-12-29,13,46,12
2023-12-30,5,39,14
2023-12-31,3,53,8
2024-01-01,6,27,5
2024-01-02,10,21,7
2024-01-03,2,25,10
2024-01-04,3,10,1
2024-01-05,9,9,3
2024-01-06,3,7,0
2024-01-07,0,6,3
2024-01-08,5,13,0
2024-01-09,0,26,4
2024-01-10,13,71,7
2024-01-11,5,75,3
2024-01-12,19,24,0
2024-01-13,5,9,11
2024-01-14,6,2,11
2024-01-15,4,2,7
2024-01-16,15,0,0
2024-01-17,0,20,2
2024-01-18,1,17,9
2024-01-19,2,13,5
2024-01-20,7,1,3
2024-01-21,27,18,9
2024-01-22,67,24,6
2024-01-23,100,15,4
2024-01-24,16,39,2
2024-01-25,29,66,2
2024-01-26,56,57,21
2024-01-27,24,53,15
2024-01-28,32,70,9
2024-01-29,31,48,15
2024-01-30,18,58,22
2024-01-31,15,5,31
2024-02-01,22,24,23
2024-02-02,16,19,27
2024-02-03,4,6,33
2024-02-04,7,10,28
2024-02-05,13,9,28
2024-02-06,12,9,30
2024-02-07,25,6,18
2024-02-08,70,39,52
2024-02-09,25,19,33
2024-02-10,17,18,28
2024-02-11,44,17,42
2024-02-12,60,26,22
2024-02-13,69,51,10
2024-02-14,19,48,9
2024-02-15,7,88,20
2024-02-16,20,119,18
2024-02-17,14,111,21
2024-02-18,30,173,13
2024-02-19,29,171,26
2024-02-20,16,107,22
2024-02-21,7,182,31
2024-02-22,17,117,31
2024-02-23,16,95,34
2024-02-24,29,124,55
2024-02-25,13,74,37
2024-02-26,19,24,39
2024-02-27,22,70,30
2024-02-28,53,83,25
2024-02-29,101,72,46
2024-03-01,20,24,16
2024-03-02,4,13,10
2024-03-03,4,42,27
2024-03-04,4,43,12
2024-03-05,3,53,18
2024-03-06,2,17,32
2024-03-07,1,11,32
2024-03-08,0,40,4
2024-03-09,2,95,14
2024-03-10,1,31,20
2024-03-11,6,65,50
2024-03-12,33,49,20
2024-03-13,43,51,55
2024-03-14,50,51,59
2024-03-15,33,37,40
2024-03-16,65,76,81
2024-03-17,92,112,48
2024-03-18,121,178,112
2024-03-19,122,80,107
2024-03-20,88,50,39
2024-03-21,164,88,75
2024-03-22,112,186,74
2024-03-23,93,85,74
2024-03-24,138,205,91
2024-03-25,95,212,84
2024-03-26,48,139,66
2024-03-27,62,59,62
2024-03-28,29,11,42
2024-03-29,30,67,70
2024-03-30,16,78,37
2024-03-31,19,35,82
2024-04-01,23,50,41
2024-04-02,34,52,47
2024-04-03,25,84,76
2024-04-04,12,155,78
2024-04-05,30,77,140
2024-04-06,60,67,207
2024-04-07,27,19,132
2024-04-08,15,52,57
2024-04-09,7,34,32
2024-04-10,1,78,12
2024-04-11,16,110,34
2024-04-12,22,115,35
2024-04-13,47,116,20
2024-04-14,8,140,60
2024-04-15,25,185,63
2024-04-16,19,138,9
2024-04-17,5,260,19
2024-04-18,9,126,14
2024-04-19,7,45,7
2024-04-20,7,73,35
2024-04-21,11,101,20
2024-04-22,24,70,30
2024-04-23,19,60,41
2024-04-24,8,15,8
2024-04-25,8,54,30
2024-04-26,5,106,35
2024-04-27,21,71,34
2024-04-28,7,57,42
2024-04-29,10,8,40
2024-04-30,19,40,95
2024-05-01,2,114,73
2024-05-02,15,31,39
2024-05-03,15,24,39
2024-05-04,6,28,10
2024-05-05,35,12,85
2024-05-06,28,75,90
2024-05-07,5,88,32
2024-05-08,11,55,72
2024-05-09,30,96,106
2024-05-10,21,89,17
2024-05-11,14,52,40
2024-05-12,17,84,30
2024-05-13,10,62,12
2024-05-14,13,101,35
2024-05-15,15,65,63
2024-05-16,10,53,19
2024-05-17,26,48,26
2024-05-18,28,48,18
2024-05-19,44,58,29
2024-05-20,12,38,12
2024-05-21,17,27,2
2024-05-22,0,24,15
2024-05-23,20,70,2
2024-05-24,0,58,4
2024-05-25,3,43,15
2024-05-26,5,20,31
2024-05-27,25,6,64
2024-05-28,49,25,13
2024-05-29,53,11,18
2024-06-04,20,23,14
2024-06-05,62,20,25
2024-06-06,24,7,16
2024-06-07,26,20,17
2024-06-08,22,14,20
2024-06-09,23,79,12
2024-06-10,32,37,14
2024-06-11,19,96,41
2024-06-12,19,40,41
2024-06-13,30,7,11
2024-06-14,28,26,7
2024-06-15,21,48,0
2024-06-16,13,54,8
2024-06-17,7,48,10
2024-06-18,17,33,7
2024-06-19,29,10,2
2024-06-20,26,30,3
2024-06-21,14,32,0
2024-06-22,24,20,6
2024-06-23,36,8,17
2024-06-24,23,29,10
2024-06-25,52,57,7
2024-06-26,134,38,18
2024-06-27,70,39,19
2024-06-28,20,32,26
2024-06-29,28,15,5
2024-06-30,6,0,1
2024-07-01,30,4,7
2024-07-02,69,4,20
2024-07-03,68,18,21
2024-07-04,38,62,22
2024-07-05,60,34,17
2024-07-06,54,39,26
2024-07-07,33,12,19
2024-07-08,6,20,17
2024-07-09,13,4,6
2024-07-16,31,21,6
2024-07-17,117,123,8
2024-07-18,227,20,20
2024-07-19,69,147,9
2024-07-20,134,264,11
2024-07-21,167,96,1
2024-07-22,342,60,25
2024-07-23,396,43,25
2024-07-29,90,95,32
2024-07-30,194,89,46
2024-07-31,122,395,22
2024-08-01,137,149,32
2024-08-02,93,14,17
2024-08-03,75,119,25
2024-08-04,76,344,19
2024-08-05,129,255,17
2024-08-06,139,111,15
2024-08-07,16,24,4
2024-08-08,59,85,8
2024-08-09,47,91,31
2024-08-10,44,246,35
2024-08-11,49,170,11
2024-08-12,120,140,21
2024-08-13,160,194,100
2024-08-14,98,353,55
2024-08-15,39,280,80
2024-08-16,25,156,13
2024-08-17,123,170,50
2024-08-18,138,169,82
2024-08-19,94,164,24
2024-08-20,115,69,1
2024-08-21,96,23,9
2024-08-22,95,4,17
2024-08-23,147,36,11
2024-08-24,80,57,5
2024-08-25,145,138,2
2024-08-26,180,55,15
2024-08-27,234,53,7
2024-08-28,24,24,2
2024-08-29,75,8,12
2024-08-30,159,46,17
2024-08-31,187,439,3
2024-09-01,156,950,15
2024-09-02,179,1118,5
2024-09-03,449,2068,29
2024-09-04,186,1393,9
2024-09-05,183,275,13
2024-09-06,246,1106,13
2024-09-07,431,1436,9
2024-09-08,166,425,1
2024-09-09,49,95,6
2024-09-10,16,110,4
2024-09-11,16,389,8
2024-09-12,15,339,16
2024-09-13,37,1012,16
2024-09-14,93,1373,12
2024-09-15,36,1080,10
2024-09-16,25,1100,2
2024-09-17,34,655,1
2024-09-18,280,259,5
2024-09-19,227,425,12
2024-09-20,204,476,15
2024-09-21,128,445,1
2024-09-22,69,475,22
2024-09-23,116,157,4
2024-09-24,107,258,9
2024-09-25,54,35,16
2024-09-27,27,10,25
2024-09-28,45,202,14
2024-09-29,15,125,6
2024-09-30,8,49,33
2024-10-01,17,78,9
2024-10-02,22,63,36
2024-10-03,58,37,42
2024-10-04,8,32,4
2024-10-05,13,86,1
2024-10-06,23,103,2
2024-10-07,34,89,22
2024-10-08,100,40,9
2024-10-09,94,138,4
2024-10-10,79,56,4
2024-10-11,23,113,7
2024-10-12,11,139,13
2024-10-13,3,156,2
2024-10-14,19,49,3
2024-10-15,30,94,1
2024-10-16,142,31,9
2024-10-17,121,4,10
2024-10-18,192,16,6
2024-10-19,137,54,0
2024-10-20,166,43,0
2024-10-21,174,22,15
2024-10-22,178,96,11
2024-10-23,46,379,15
2024-10-24,69,539,12
2024-10-25,96,249,1
2024-10-26,548,354,2
2024-10-27,458,364,19
2024-10-28,301,485,24
2024-10-29,336,309,9
2024-10-30,247,169,29
2024-10-31,103,51,14
2024-11-01,90,84,16
2024-11-02,21,76,9
2024-11-06,3,55,7
2024-11-07,20,42,13
2024-11-08,25,69,6
2024-11-09,26,51,4
2024-11-10,13,62,10
2024-11-11,12,35,20
2024-11-12,14,38,15
2024-11-13,18,81,12
2024-11-14,22,47,15
2024-11-15,24,60,12
2024-11-16,26,50,6
2024-11-17,28,52,12
2024-11-18,6,24,7
2024-11-19,7,17,4
2024-11-20,0,19,0
2024-11-21,2,59,0
2024-11-22,0,30,1
2024-11-23,0,12,4
2024-11-24,1,7,6
2024-11-25,7,15,10
2024-11-26,1,24,4
2024-11-27,0,27,0
2024-11-28,0,6,0
2024-11-29,0,12,0
2024-11-30,4,12,3
2024-12-01,2,12,0
2024-12-02,2,23,8
2024-12-03,8,0,0
2024-12-04,16,4,1
2024-12-05,3,6,4
2024-12-06,14,20,18
2024-12-07,17,7,11
2024-12-08,120,18,4
2024-12-09,33,18,1
2024-12-10,45,14,1
2024-12-11,4,4,8
2024-12-12,6,4,4
2024-12-13,5,23,0
2024-12-14,27,3,6
2024-12-15,12,16,7
2024-12-16,17,17,5
2024-12-17,9,16,1
2024-12-18,4,10,0
2024-12-19,0,8,2
2024-12-20,4,0,1
2024-12-21,0,11,9
2024-12-22,1,10,10
2024-12-23,0,12,0
2024-12-24,0,3,4
2024-12-25,1,1,6
2024-12-26,5,6,4
2024-12-27,32,0,10
2024-12-28,42,11,4
2024-12-29,49,35,4
2024-12-30,2,33,6
2024-12-31,33,7,17
2025-01-01,15,4,28
2025-01-02,24,5,17
2025-01-03,17,20,10
2025-01-04,55,11,10
2025-01-05,24,24,13
2025-01-06,1,30,16
2025-01-07,0,7,15
2025-01-08,3,14,12
2025-01-09,9,15,7
2025-01-10,1,38,0
2025-01-11,3,7,0
2025-01-12,0,25,1
2025-01-13,4,8,0
2025-01-14,1,17,2
2025-01-15,0,13,0
2025-01-16,0,3,1
2025-01-17,0,15,1
2025-01-18,4,21,2
2025-01-19,0,12,0
2025-01-20,0,0,1
2025-01-21,0,13,2
2025-01-22,0,3,2
2025-01-23,3,1,3
2025-01-24,5,10,3
2025-01-25,4,17,13
2025-01-26,0,0,4
2025-01-27,0,3,0
2025-01-28,0,0,4
2025-01-29,8,0,3
2025-01-30,20,4,4
2025-01-31,15,6,3
2025-02-01,17,1,6
2025-02-02,9,15,38
2025-02-03,20,14,5
2025-02-04,24,12,2
2025-02-05,4,8,5
2025-02-06,15,5,15
2025-02-07,23,12,19
2025-02-08,23,30,19
2025-02-09,26,5,8
2025-02-10,32,17,20
2025-02-11,42,17,25
2025-02-12,56,23,30
2025-02-13,69,24,13
2025-02-14,14,20,8
2025-02-15,18,58,18
2025-02-16,5,31,23
2025-02-17,4,12,8
2025-02-18,1,19,16
2025-02-19,1,16,13
2025-02-20,20,6,15
2025-02-21,5,13,22
2025-02-22,7,7,14
2025-02-23,0,10,13
2025-02-24,1,24,0
2025-02-25,3,13,0
2025-02-26,5,9,3
2025-02-27,1,42,1
2025-02-28,6,36,15
2025-03-01,17,6,36
2025-03-02,16,30,40
2025-03-03,24,21,78
2025-03-04,7,14,25
2025-03-05,7,5,37
2025-03-06,0,16,17
2025-03-07,4,1,13
2025-03-08,5,8,14
2025-03-09,3,17,1
2025-03-10,10,10,23
2025-03-11,3,26,31
2025-03-12,7,27,16
2025-03-13,5,40,5
2025-03-14,3,39,12
2025-03-15,0,18,4
2025-03-16,5,0,27
2025-03-17,4,4,30
2025-03-18,4,6,61
2025-03-19,1,0,2
2025-03-21,8,1,2
2025-03-22,2,0,5
2025-03-23,8,19,4
2025-03-24,29,10,6
2025-03-25,9,15,13
2025-03-26,48,51,23
2025-03-27,26,41,19
2025-03-28,8,49,11
2025-03-29,10,16,5
2025-03-30,0,12,12
2025-03-31,7,28,17
2025-04-01,30,4,25
2025-04-02,7,6,10
2025-04-03,8,11,9
2025-04-04,8,20,7
2025-04-05,3,19,6
2025-04-06,4,9,23
2025-04-07,5,51,11
2025-04-08,10,16,25
2025-04-09,6,16,6
2025-04-10,20,23,30
2025-04-11,3,12,11
2025-04-12,7,60,24
2025-04-13,2,13,9
2025-04-14,10,4,11
2025-04-15,10,22,7
2025-04-16,16,20,7
2025-04-17,16,15,15
2025-04-18,40,40,20
2025-04-19,14,54,15
2025-04-20,36,43,4
2025-04-21,9,24,4
2025-04-22,13,13,9
2025-04-23,7,14,9
2025-04-24,10,17,24
2025-04-25,27,8,9
2025-04-26,48,49,18
2025-04-27,50,40,16
2025-04-28,10,40,20
2025-04-29,31,18,23
2025-04-30,33,60,9
2025-05-01,42,44,14
2025-05-02,19,29,10
2025-05-03,24,97,6
2025-05-04,18,62,6
2025-05-05,39,60,13
2025-05-06,90,22,27
2025-05-07,81,70,7
2025-05-08,27,75,11
2025-05-09,15,77,25
2025-05-10,31,92,11
2025-05-11,15,49,9
2025-05-12,14,29,19
2025-05-13,13,46,6
2025-05-14,9,61,15
2025-05-15,11,45,5
2025-05-16,7,24,6
2025-05-17,78,24,17
2025-05-18,28,44,7
2025-05-19,20,41,7
2025-05-20,33,26,4
2025-05-21,65,52,8
2025-05-22,33,42,3
2025-05-23,7,65,5
2025-05-24,19,39,1
2025-05-25,40,94,5
2025-05-26,56,82,7
2025-05-27,156,26,4
2025-05-28,152,3,26
2025-05-29,66,46,0
2025-05-30,22,38,5
2025-05-31,60,33,9
2025-06-01,151,7,9
2025-06-02,263,12,40
2025-06-03,127,35,5
2025-06-04,63,48,12
2025-06-05,32,57,3
2025-06-06,36,33,1
2025-06-07,24,30,4
2025-06-08,84,68,11
2025-06-09,59,58,7
2025-06-10,28,65,2
2025-06-11,59,52,9
2025-06-12,84,93,20
2025-06-13,100,88,35
2025-06-14,66,79,28
2025-06-15,53,142,23
2025-06-16,12,42,10
2025-06-17,4,47,9
2025-06-18,20,11,1
2025-06-19,51,3,2
2025-06-20,49,9,3
2025-06-21,98,13,15
2025-06-22,183,29,23
2025-06-23,83,36,13
2025-06-24,166,58,25
2025-06-25,36,47,6
2025-06-26,98,76,8
2025-06-27,68,63,10
2025-06-28,142,60,5
2025-06-29,90,46,23
2025-06-30,178,42,23
2025-07-01,197,88,9
2025-07-02,57,132,2
2025-07-03,113,93,12
2025-07-04,86,18,14
2025-07-05,81,47,13
2025-07-06,61,141,9
2025-07-07,0,25,6
2025-07-08,47,98,16
2025-07-09,93,33,27
2025-07-10,117,37,28
2025-07-11,78,70,18
2025-07-12,22,124,12
2025-07-13,81,137,15
2025-07-14,19,50,18
2025-07-15,29,31,20
2025-07-16,224,58,14
2025-07-17,214,30,26
2025-07-18,789,49,38
2025-07-19,1254,150,45
2025-07-20,509,430,52
2025-07-21,559,480,26
2025-07-22,445,572,20
2025-07-23,362,772,42
2025-07-24,279,671,18
2025-07-25,135,468,10
2025-07-26,182,657,8
2025-07-27,95,503,56
2025-07-28,224,760,61
2025-07-29,273,1210,42
2025-07-30,121,985,27
2025-07-31,112,544,30
2025-08-01,109,661,24
2025-08-02,393,209,45
2025-08-03,122,101,7
2025-08-04,28,32,2
2025-08-05,29,85,11
2025-08-06,77,123,13
2025-08-07,59,766,26
2025-08-08,30,272,38
2025-08-09,83,22,20
2025-08-10,101,89,3
2025-08-11,13,74,1
2025-08-12,44,2,7
2025-08-13,17,20,7
2025-08-14,52,23,3
2025-08-15,57,33,25
2025-08-16,102,88,11
2025-08-17,112,261,12
2025-08-18,268,141,23
2025-08-19,62,44,13
2025-08-20,121,8,3
2025-08-21,168,6,3
2025-08-22,300,196,17
2025-08-23,107,684,20
2025-08-24,18,285,3
2025-08-25,90,18,9
2025-08-26,344,214,18
2025-08-27,267,1172,11
2025-08-28,137,2702,2
2025-08-29,49,417,15
2025-08-30,22,537,5
2025-08-31,70,27,1
2025-09-01,33,424,1
2025-09-02,3,171,3
2025-09-03,15,41,8
2025-09-04,18,139,3
2025-09-05,22,20,3
2025-09-06,54,6,13
2025-09-07,14,56,1
2025-09-08,22,53,5
2025-09-09,19,82,4
2025-09-10,37,16,10
2025-09-11,9,136,1
2025-09-12,8,49,0
2025-09-13,8,17,0
2025-09-14,22,39,11
2025-09-15,11,56,4
2025-09-16,11,8,6
2025-09-17,12,7,0
2025-09-18,33,12,2
2025-09-19,75,368,22
2025-09-20,88,251,24
2025-09-21,122,153,38
2025-09-22,199,1624,23
2025-09-23,176,2191,27
2025-09-24,234,2894,30
2025-09-25,138,716,4
2025-09-26,276,352,8
2025-09-27,205,341,5
2025-09-28,42,361,19
2025-09-29,1,85,3
2025-09-30,6,12,6
2025-10-01,9,94,31
2025-10-02,36,195,12
2025-10-03,25,83,2
2025-10-04,50,12,6
2025-10-05,119,20,24
2025-10-06,31,27,20
2025-10-07,54,109,23
2025-10-08,125,105,4
2025-10-09,54,139,2
2025-10-10,44,523,10
2025-10-11,58,379,14
2025-10-12,19,197,7
2025-10-13,15,186,28
2025-10-14,43,179,20
2025-10-15,35,253,28
2025-10-16,14,273,14
2025-10-17,12,157,8
2025-10-18,36,116,8
2025-10-19,13,50,5
2025-10-20,1,26,11
2025-10-21,1,63,6
2025-10-22,0,14,0
2025-10-23,5,16,0
2025-10-24,1,13,1
2025-10-25,5,19,1
2025-10-26,28,8,5
2025-10-27,61,25,3
2025-10-28,200,18,9
2025-10-29,210,13,4
2025-10-30,222,96,27
2025-10-31,162,50,18
2025-11-01,207,272,13
2025-11-02,185,148,13
2025-11-03,288,98,6
2025-11-04,54,41,6
2025-11-05,35,16,5
2025-11-06,36,61,1
2025-11-07,28,33,4
2025-11-08,104,110,11
2025-11-09,43,24,1
2025-11-10,62,39,11
2025-11-11,5,62,0
2025-11-13,17,22,9
2025-11-14,66,41,0
2025-11-15,25,17,3
2025-11-16,0,14,7
2025-11-17,4,18,9
2025-11-18,3,11,7
2025-11-19,2,10,0
2025-11-20,11,5,0
2025-11-21,2,10,0
2025-11-22,3,4,7
2025-11-23,4,25,10
2025-11-24,12,9,1
2025-11-25,6,29,0
2025-11-26,23,7,0
2025-11-27,4,19,0
2025-11-28,5,65,0
2025-11-29,16,5,9
2025-11-30,49,19,11
2025-12-01,5,11,3
2025-12-02,5,12,17
2025-12-03,9,30,17
2025-12-04,5,43,25
2025-12-05,5,4,14
2025-12-06,14,16,2
2025-12-07,1,21,7
2025-12-08,3,5,12
2025-12-09,5,22,3
2025-12-10,1,19,14
2025-12-11,4,34,6
2025-12-12,1,18,2
2025-12-13,0,4,1
2025-12-14,0,9,3
2025-12-15,1,9,4
2025-12-16,0,10,1
2025-12-17,0,21,4
2025-12-18,7,13,3
2025-12-19,5,21,15
2025-12-20,20,9,14
2025-12-21,5,7,4
2025-12-22,32,11,17
2025-12-23,11,6,28
2025-12-24,18,17,15
2025-12-25,4,20,2
2025-12-26,3,27,1
2025-12-27,0,15,1
2025-12-28,0,14,0
2025-12-29,1,9,8
2025-12-30,0,5,14
2025-12-31,2,12,10
2026-01-01,4,1,2
2026-01-02,0,13,2
2026-01-03,1,1,13
2026-01-04,3,5,10
2026-01-05,7,7,5
2026-01-06,37,0,1
2026-01-07,54,6,1
2026-01-08,2,0,3
2026-01-09,1,3,11
2026-01-10,12,16,18
2026-01-11,13,5,10
2026-01-12,23,16,19
2026-01-13,38,31,25
2026-01-14,16,57,25
2026-01-15,46,72,17
2026-01-16,20,99,24
2026-01-17,65,127,27
2026-01-18,68,196,21
2026-01-19,9,164,15
2026-01-20,26,201,18
2026-01-21,42,146,11
2026-01-22,96,273,25
2026-01-23,103,138,54
2026-01-24,210,93,50
2026-01-25,258,80,40
2026-01-26,179,81,45
2026-01-27,203,73,43
2026-01-28,70,36,13
2026-01-29,33,112,16
2026-01-30,27,130,64
2026-01-31,47,67,83
2026-02-01,51,106,73
2026-02-02,69,46,60
2026-02-03,82,65,66
2026-02-04,52,9,30
2026-02-05,94,10,46
2026-02-06,40,14,34
2026-02-07,73,63,20
2026-02-08,63,55,50
2026-02-09,92,67,69
2026-02-10,218,4,58
2026-02-11,130,42,22
2026-02-12,16,3,1
2026-02-13,78,13,9
2026-02-14,28,70,15
2026-02-15,11,88,9
2026-02-16,1,79,3
2026-02-17,0,24,2
2026-02-18,2,16,4
2026-02-19,0,5,0
2026-02-20,2,15,17
2026-02-21,30,5,36
2026-02-22,43,9,12
2026-02-23,48,9,2
2026-02-24,6,0,14
2026-02-25,45,6,27
2026-02-26,12,18,31
2026-02-27,21,16,17
2026-02-28,106,116,29
2026-03-01,82,141,56
2026-03-02,29,142,15
2026-03-03,22,106,40
2026-03-04,24,101,31
2026-03-05,56,48,30
2026-03-06,34,32,7
2026-03-07,103,67,19
2026-03-08,54,37,68
2026-03-09,21,5,23
2026-03-13,97,171,25
2026-03-14,62,207,20
2026-03-15,39,196,19
2026-03-16,80,104,57
2026-03-17,93,71,73
2026-03-18,114,29,45
2026-03-19,123,52,105
2026-03-20,80,65,83
2026-03-21,101,77,161
2026-03-22,166,102,142
2026-03-23,152,250,143
2026-03-24,263,342,160
2026-03-25,238,267,135
2026-03-26,189,481,129
2026-03-27,69,199,36
2026-03-28,91,159,38
2026-03-29,23,101,22
2026-03-30,10,57,47
2026-03-31,147,50,22
2026-04-01,54,83,46
2026-04-02,166,14,112
2026-04-03,120,34,64
2026-04-04,65,52,80
2026-04-05,9,78,47
2026-04-06,66,33,45
2026-04-07,21,65,69
2026-04-08,19,49,46
2026-04-09,4,80,30
2026-04-10,16,17,40
2026-04-11,24,59,48
2026-04-12,43,20,52
2026-04-13,30,44,41
2026-04-14,9,71,15
2026-04-15,15,75,41
2026-04-16,10,110,30
2026-04-17,21,146,20
2026-04-18,18,186,41
2026-04-19,23,132,34
2026-04-20,16,158,54
2026-04-21,9,137,38
2026-04-22,17,86,73
2026-04-23,35,93,88
2026-04-24,35,152,85
2026-04-25,12,209,73
2026-04-26,40,217,73
2026-04-27,39,80,26
2026-06-03,67,94,5
2026-06-04,106,58,12
2026-06-05,100,147,17
2026-06-06,109,153,14
2026-06-07,31,115,32
2026-06-08,31,44,27
2026-06-09,39,67,5
2026-06-10,29,36,1
2026-06-11,57,28,2
2026-06-12,34,5,9
2026-06-13,43,17,28
2026-06-14,38,55,11
2026-06-15,12,11,23
2026-06-16,69,31,51
2026-06-17,30,54,3
2026-06-18,29,40,13
2026-06-19,24,103,16
2026-06-20,57,71,15
2026-06-21,53,83,17
2026-06-22,32,44,14
2026-06-23,29,65,11
2026-06-24,4,107,4
2026-06-25,38,105,16
2026-06-26,66,111,20
2026-06-27,91,134,36
2026-06-28,41,101,13
2026-06-29,43,82,7
2026-06-30,38,60,6
2026-07-01,45,39,1
2026-07-02,64,75,14
2026-07-03,53,56,10
2026-07-04,83,142,11
2026-07-05,53,153,21
2026-07-06,107,134,24
2026-07-07,114,116,22
2026-07-08,143,192,20
2026-07-09,119,300,20
2026-07-10,46,258,1
2026-07-17,137,219,9
2026-07-18,178,289,16
2026-07-19,199,368,25
2026-07-20,88,427,21
2026-07-21,65,234,15
2026-07-22,57,337,8
2026-07-23,99,481,18
2026-07-24,82,468,8
2026-07-25,62,1035,8
2026-07-26,92,665,5
2026-07-27,98,112,0
2026-07-28,162,256,9
2026-07-29,112,202,3
2026-07-30,69,342,10
2026-07-31,102,497,19
2026-08-01,133,726,17
2026-08-02,217,915,18
2026-08-04,69,340,13
2026-08-05,178,1729,19
2026-08-06,195,1998,25
2026-08-07,372,1942,23
2026-08-08,501,2696,28
2026-08-09,299,2541,11
2026-08-10,214,3000,4
2026-08-11,363,2019,15
2026-08-12,315,1787,7
2026-08-13,200,965,6
2026-08-14,110,1485,18
2026-08-15,384,2025,18
2026-08-16,169,2481,19
2026-08-17,218,2654,16
2026-08-18,296,4990,7
2026-08-19,298,3784,13
2026-08-20,340,3461,9
2026-08-21,616,3143,50
2026-08-22,1323,2189,59
2026-08-23,1326,1570,62
2026-08-24,1196,2585,66
2026-08-25,745,2982,18
2026-08-26,734,3849,17
2026-08-27,927,3736,11
2026-08-28,739,8641,20
2026-08-29,729,9438,15
2026-08-30,563,5597,9
2026-08-31,412,4791,20
2026-09-01,605,6586,19
2026-09-02,1132,4626,18
2026-09-03,1282,5001,21
2026-09-04,1751,3751,32
2026-09-05,1036,4109,19
2026-09-06,1147,2963,59
2026-09-07,968,1383,63
2026-09-08,990,2288,29
2026-09-09,955,2049,23
2026-09-10,415,2268,0
2026-09-11,246,6249,2
2026-09-12,695,2406,7
2026-09-13,1097,4178,18
2026-09-14,1924,8082,29
2026-09-15,2633,3545,10
2026-09-16,1215,1059,15
2026-09-17,1615,1649,6
2026-09-18,577,4498,3
2026-09-19,544,8815,5
2026-09-20,859,8042,13
2026-09-21,311,4404,3
2026-09-22,121,5497,4
2026-09-23,346,3697,0
2026-09-24,310,4098,3
2026-09-25,420,2553,7
2026-09-26,868,1955,5
2026-09-27,144,1253,5
2026-09-28,1193,1619,22
2026-09-29,1688,1663,18
2026-09-30,1000,1634,7
2026-10-01,2003,3351,13
2026-10-02,740,4113,26
2026-10-03,1163,2096,35
2026-10-04,1503,2886,24
2026-10-05,1264,5839,32
2026-10-06,2449,4032,18
2026-10-07,1579,4245,13
2026-10-08,2087,4236,27
2026-10-09,124,249,1
