date,rain_mm,wind_speed_max,wind_dir,temp_max,humidity_mean
2019-01-01,5.6,16.3,312,30.7,86
2019-01-02,0.4,17.6,291,29.8,84
2019-01-03,1.7,28.1,277,29.9,83
2019-01-04,0.5,20.5,276,30.0,81
2019-01-05,2.0,12.4,69,30.0,86
2019-01-06,6.9,15.3,28,29.2,87
2019-01-07,2.0,16.6,29,30.0,86
2019-01-08,21.8,13.7,43,27.8,89
2019-01-09,8.9,15.6,30,29.3,89
2019-01-10,0.3,19.6,34,30.2,83
2019-01-11,4.4,19.1,30,29.9,82
2019-01-12,0.4,13.5,16,30.3,82
2019-01-13,1.5,14.2,19,30.3,84
2019-01-14,12.5,13.2,7,29.6,87
2019-01-15,1.2,12.1,341,29.8,85
2019-01-16,1.5,15.3,347,29.9,85
2019-01-17,19.7,16.3,3,28.5,89
2019-01-18,7.4,21.6,20,27.8,88
2019-01-19,1.3,18.8,12,29.4,82
2019-01-20,1.7,18.2,11,30.1,83
2019-01-21,6.3,18.4,350,29.5,85
2019-01-22,0.0,18.0,2,28.2,84
2019-01-23,1.6,21.9,18,29.3,84
2019-01-24,0.0,22.4,28,29.7,79
2019-01-25,2.1,20.4,21,29.0,78
2019-01-26,0.6,20.1,24,29.4,78
2019-01-27,2.1,20.3,16,29.9,82
2019-01-28,11.7,19.3,14,28.5,89
2019-01-29,1.2,21.5,22,29.3,85
2019-01-30,0.3,22.7,24,29.3,81
2019-01-31,0.8,15.7,36,29.6,84
2019-02-01,0.5,21.1,27,29.9,82
2019-02-02,2.5,15.3,31,29.7,84
2019-02-03,9.9,15.9,30,30.1,87
2019-02-04,2.1,16.7,22,30.3,84
2019-02-05,1.1,16.9,16,29.7,85
2019-02-06,0.9,16.5,28,30.1,80
2019-02-07,4.0,15.1,25,30.1,81
2019-02-08,2.0,11.8,22,30.9,81
2019-02-09,7.7,8.9,12,30.3,86
2019-02-10,0.7,19.8,26,30.6,82
2019-02-11,0.0,20.8,25,30.7,73
2019-02-12,0.0,13.5,26,30.6,76
2019-02-13,2.5,18.0,31,30.3,81
2019-02-14,0.6,21.7,35,30.8,76
2019-02-15,0.5,19.4,25,31.5,75
2019-02-16,0.0,17.6,26,31.7,73
2019-02-17,3.1,12.9,17,30.9,80
2019-02-18,4.0,9.0,61,29.1,81
2019-02-19,4.1,13.6,59,31.1,81
2019-02-20,2.4,12.0,41,31.4,80
2019-02-21,0.0,20.6,32,32.7,75
2019-02-22,4.9,15.9,28,32.3,78
2019-02-23,0.2,16.5,33,33.3,72
2019-02-24,2.4,14.5,28,33.3,72
2019-02-25,2.3,17.1,48,32.8,73
2019-02-26,2.1,19.8,46,30.8,80
2019-02-27,1.1,23.4,39,32.7,73
2019-02-28,0.1,22.2,37,32.2,72
2019-03-01,1.2,23.5,33,32.3,73
2019-03-02,0.0,15.8,7,34.9,67
2019-03-03,0.1,20.9,44,33.0,70
2019-03-04,1.0,19.1,32,34.8,70
2019-03-05,12.9,16.2,22,34.2,76
2019-03-06,47.0,17.3,40,31.6,80
2019-03-07,1.2,12.3,55,31.9,82
2019-03-08,0.2,15.6,52,32.8,77
2019-03-09,2.4,13.0,68,32.0,78
2019-03-10,1.4,14.8,111,30.9,78
2019-03-11,10.8,9.4,341,31.0,82
2019-03-12,3.2,12.6,310,30.6,81
2019-03-13,2.2,14.3,22,31.6,81
2019-03-14,0.1,18.8,34,33.0,73
2019-03-15,0.0,22.6,22,33.3,70
2019-03-16,2.4,17.6,21,32.5,75
2019-03-17,0.0,22.5,25,34.1,67
2019-03-18,0.0,19.6,33,34.7,66
2019-03-19,0.0,21.6,44,34.8,65
2019-03-20,1.1,17.9,21,35.6,68
2019-03-21,25.9,17.3,1,33.6,76
2019-03-22,5.5,11.1,300,31.7,84
2019-03-23,15.7,7.9,339,31.2,85
2019-03-24,4.5,9.0,307,30.9,86
2019-03-25,5.8,10.8,359,31.4,83
2019-03-26,1.5,13.8,36,31.3,81
2019-03-27,0.0,11.7,29,33.5,71
2019-03-28,19.9,11.1,31,30.0,85
2019-03-29,2.9,12.1,100,30.9,84
2019-03-30,17.2,12.0,217,28.5,90
2019-03-31,15.8,8.1,281,28.6,90
2019-04-01,25.1,12.6,278,27.3,91
2019-04-02,8.2,9.4,13,29.6,87
2019-04-03,3.8,10.2,18,27.5,90
2019-04-04,6.5,11.5,5,30.2,87
2019-04-05,0.5,15.2,358,31.3,81
2019-04-06,0.1,13.8,27,30.9,80
2019-04-07,0.7,8.5,49,31.3,80
2019-04-08,5.6,11.2,20,30.7,85
2019-04-09,7.7,9.4,14,31.2,87
2019-04-10,30.6,14.5,354,29.6,89
2019-04-11,7.4,9.9,70,28.7,89
2019-04-12,10.2,8.0,123,29.9,88
2019-04-13,6.8,8.1,123,30.0,86
2019-04-14,18.2,11.7,122,29.5,88
2019-04-15,9.1,7.9,71,31.5,86
2019-04-16,6.2,9.4,121,31.3,84
2019-04-17,0.5,10.8,93,30.9,82
2019-04-18,2.7,9.7,70,31.5,85
2019-04-19,9.5,9.0,356,31.6,85
2019-04-20,49.1,10.1,87,30.4,89
2019-04-21,8.0,8.7,134,30.3,89
2019-04-22,10.5,13.8,133,29.6,90
2019-04-23,18.5,10.1,123,29.9,89
2019-04-24,11.4,7.2,78,29.1,89
2019-04-25,11.5,11.2,69,30.4,89
2019-04-26,45.3,11.3,308,27.6,93
2019-04-27,16.6,8.0,244,27.8,90
2019-04-28,1.2,11.9,54,29.2,83
2019-04-29,0.6,13.2,78,31.2,86
2019-04-30,9.1,13.3,315,29.3,91
2019-05-01,2.8,11.6,296,31.2,85
2019-05-02,10.0,9.1,10,31.1,90
2019-05-03,4.7,7.4,102,30.9,88
2019-05-04,25.6,10.0,138,29.9,89
2019-05-05,14.8,15.1,275,29.1,89
2019-05-06,0.2,16.2,256,30.4,83
2019-05-07,1.3,14.0,227,30.1,85
2019-05-08,3.9,15.2,239,29.2,87
2019-05-09,6.6,12.3,245,29.9,89
2019-05-10,0.1,10.6,225,30.8,85
2019-05-11,4.4,9.9,206,29.4,89
2019-05-12,6.1,9.4,215,29.5,91
2019-05-13,9.0,10.1,205,29.1,89
2019-05-14,14.4,11.3,183,29.8,89
2019-05-15,17.4,11.0,205,29.6,88
2019-05-16,14.2,10.1,257,29.3,90
2019-05-17,13.4,11.2,243,28.5,90
2019-05-18,7.3,12.3,180,29.5,87
2019-05-19,14.5,13.0,188,28.4,90
2019-05-20,13.2,11.6,183,29.3,87
2019-05-21,17.7,11.9,193,29.0,88
2019-05-22,4.2,15.5,152,28.5,89
2019-05-23,9.3,13.7,150,30.0,86
2019-05-24,2.3,12.0,149,30.5,84
2019-05-25,5.7,13.9,171,29.3,88
2019-05-26,3.2,13.0,161,29.8,87
2019-05-27,3.8,11.2,135,29.3,90
2019-05-28,4.9,16.9,135,29.7,88
2019-05-29,35.8,11.6,133,29.4,90
2019-05-30,7.6,9.0,111,29.4,89
2019-05-31,11.2,10.6,123,29.0,91
2019-06-01,8.6,11.9,201,28.8,90
2019-06-02,10.4,10.6,202,29.4,88
2019-06-03,25.8,11.2,223,28.5,91
2019-06-04,3.4,13.9,104,29.8,87
2019-06-05,22.4,10.9,162,29.3,90
2019-06-06,31.9,12.9,155,28.0,92
2019-06-07,7.4,11.4,186,28.1,90
2019-06-08,5.8,14.3,152,28.7,89
2019-06-09,11.9,10.3,144,28.5,90
2019-06-10,15.8,16.5,149,29.9,86
2019-06-11,23.5,14.6,151,28.9,91
2019-06-12,37.2,20.3,183,29.1,87
2019-06-13,5.0,14.9,155,28.6,88
2019-06-14,9.7,13.7,158,29.2,89
2019-06-15,2.5,11.9,175,29.0,88
2019-06-16,2.6,19.1,172,30.2,87
2019-06-17,13.2,15.6,158,29.1,89
2019-06-18,26.1,13.0,167,27.3,93
2019-06-19,9.5,9.0,156,28.8,89
2019-06-20,17.2,11.6,162,28.8,90
2019-06-21,9.9,10.0,187,28.4,90
2019-06-22,19.0,13.0,218,27.8,89
2019-06-23,1.9,18.4,184,29.9,85
2019-06-24,0.8,17.2,151,29.4,87
2019-06-25,8.4,18.9,157,29.9,83
2019-06-26,1.4,15.5,168,28.9,85
2019-06-27,5.6,12.5,156,29.7,86
2019-06-28,2.3,18.7,150,29.7,84
2019-06-29,7.0,16.5,149,29.2,88
2019-06-30,10.2,13.6,167,28.6,87
2019-07-01,1.0,16.5,158,29.7,84
2019-07-02,1.6,16.3,164,29.9,83
2019-07-03,11.8,15.6,156,28.8,87
2019-07-04,5.2,14.6,152,29.5,87
2019-07-05,2.4,18.1,138,30.2,86
2019-07-06,6.6,9.0,148,29.1,88
2019-07-07,9.0,12.1,158,29.5,87
2019-07-08,15.9,15.5,155,29.4,88
2019-07-09,15.4,14.8,171,28.6,86
2019-07-10,0.4,19.7,123,30.1,79
2019-07-11,0.4,16.6,141,30.1,79
2019-07-12,0.0,17.1,154,29.9,82
2019-07-13,0.4,18.0,149,29.9,84
2019-07-14,4.5,15.2,155,29.5,85
2019-07-15,4.4,16.2,185,27.8,86
2019-07-16,0.8,21.3,161,29.5,80
2019-07-17,1.3,22.0,157,29.6,79
2019-07-18,0.4,20.3,153,29.8,76
2019-07-19,0.1,18.3,158,29.8,78
2019-07-20,0.6,14.5,149,30.2,82
2019-07-21,1.8,13.6,160,29.7,86
2019-07-22,21.1,12.3,158,28.1,90
2019-07-23,14.2,11.6,153,27.3,90
2019-07-24,13.1,18.2,167,28.5,86
2019-07-25,0.5,15.1,155,29.5,80
2019-07-26,0.2,14.1,147,29.6,83
2019-07-27,1.1,12.8,133,29.9,84
2019-07-28,7.7,15.9,152,28.4,89
2019-07-29,1.4,17.8,162,29.6,85
2019-07-30,2.1,16.0,158,28.6,86
2019-07-31,0.5,21.4,164,29.9,76
2019-08-01,0.8,20.2,163,30.1,78
2019-08-02,0.0,19.2,160,30.0,78
2019-08-03,0.3,18.8,155,30.1,79
2019-08-04,0.3,19.3,157,29.7,81
2019-08-05,1.5,20.3,159,29.4,80
2019-08-06,1.0,18.9,155,29.8,81
2019-08-07,1.7,17.9,152,29.6,81
2019-08-08,0.3,21.7,159,29.9,78
2019-08-09,1.0,21.1,161,29.9,80
2019-08-10,1.1,20.6,155,30.2,79
2019-08-11,1.2,20.7,153,30.4,79
2019-08-12,0.6,16.4,146,31.0,79
2019-08-13,0.5,16.5,147,30.4,81
2019-08-14,1.5,14.2,146,30.1,82
2019-08-15,7.6,14.2,181,28.8,85
2019-08-16,5.5,17.7,172,29.9,80
2019-08-17,1.9,19.5,154,30.0,82
2019-08-18,0.5,19.4,133,31.4,76
2019-08-19,0.0,17.8,154,31.0,76
2019-08-20,0.5,20.1,139,31.7,76
2019-08-21,0.5,16.8,150,30.5,78
2019-08-22,4.1,15.0,158,29.2,85
2019-08-23,2.7,16.9,151,30.2,79
2019-08-24,1.6,16.9,148,30.8,77
2019-08-25,5.9,13.0,170,29.1,81
2019-08-26,6.8,12.2,140,30.5,82
2019-08-27,17.9,11.3,161,28.3,88
2019-08-28,9.3,13.2,182,28.2,88
2019-08-29,1.0,23.7,166,30.4,80
2019-08-30,7.5,23.1,169,29.4,81
2019-08-31,0.0,17.7,156,30.3,74
2019-09-01,0.0,16.3,148,31.0,78
2019-09-02,1.1,18.5,138,31.7,78
2019-09-03,1.8,18.7,141,31.4,80
2019-09-04,4.2,18.8,164,30.2,82
2019-09-05,0.5,17.1,150,30.8,78
2019-09-06,0.6,17.7,148,31.2,79
2019-09-07,0.3,19.7,144,31.0,76
2019-09-08,0.3,18.7,145,31.6,75
2019-09-09,1.8,16.8,150,30.8,78
2019-09-10,0.9,15.5,145,30.5,81
2019-09-11,0.9,16.7,141,32.0,76
2019-09-12,0.6,14.7,140,31.3,77
2019-09-13,0.2,17.3,159,31.6,78
2019-09-14,4.9,17.1,190,29.2,81
2019-09-15,0.6,17.4,148,30.6,76
2019-09-16,0.0,16.6,153,31.4,73
2019-09-17,0.5,18.6,151,31.8,75
2019-09-18,1.3,21.7,143,31.6,76
2019-09-19,0.0,18.3,138,32.6,74
2019-09-20,1.3,15.9,136,31.9,75
2019-09-21,0.0,18.0,139,32.6,73
2019-09-22,0.0,16.7,120,33.2,73
2019-09-23,2.6,18.2,94,30.4,79
2019-09-24,3.4,22.6,69,31.4,84
2019-09-25,21.8,13.1,99,28.9,89
2019-09-26,1.4,8.9,254,29.4,86
2019-09-27,3.5,10.0,87,30.1,85
2019-09-28,6.9,10.1,111,30.0,86
2019-09-29,19.7,9.4,103,30.2,87
2019-09-30,8.8,13.7,193,28.2,88
2019-10-01,3.0,11.3,150,28.5,90
2019-10-02,6.4,11.7,87,28.8,89
2019-10-03,2.3,11.8,138,28.8,88
2019-10-04,17.1,10.6,143,28.5,89
2019-10-05,2.3,12.7,125,30.0,83
2019-10-06,1.8,16.4,112,30.2,83
2019-10-07,6.7,13.0,101,29.5,86
2019-10-08,24.4,10.1,139,28.7,89
2019-10-09,16.3,12.1,128,29.9,87
2019-10-10,4.6,7.3,346,29.4,88
2019-10-11,1.9,12.8,90,30.2,86
2019-10-12,4.8,7.9,97,30.1,87
2019-10-13,15.3,12.3,124,30.2,88
2019-10-14,4.4,12.6,70,30.8,86
2019-10-15,5.8,11.2,55,29.9,87
2019-10-16,7.5,10.2,58,30.6,87
2019-10-17,12.8,9.2,87,29.7,88
2019-10-18,18.1,9.7,159,28.7,90
2019-10-19,7.7,12.9,92,29.6,88
2019-10-20,2.4,14.5,92,29.8,89
2019-10-21,17.6,13.3,121,29.3,90
2019-10-22,50.9,9.7,228,26.4,92
2019-10-23,7.0,10.5,175,29.8,85
2019-10-24,3.6,11.7,82,29.2,89
2019-10-25,28.6,9.6,42,29.8,89
2019-10-26,58.4,7.4,328,29.4,88
2019-10-27,39.7,10.0,331,28.2,90
2019-10-28,36.2,9.7,288,28.3,90
2019-10-29,9.0,9.7,248,29.6,89
2019-10-30,3.7,11.0,276,29.6,89
2019-10-31,10.2,12.3,252,28.7,89
2019-11-01,7.0,10.9,232,30.3,84
2019-11-02,0.6,10.5,166,30.2,83
2019-11-03,14.6,11.7,234,29.6,85
2019-11-04,5.0,9.9,346,30.8,86
2019-11-05,9.1,11.4,187,29.3,89
2019-11-06,14.2,12.0,177,29.1,90
2019-11-07,1.1,9.2,158,29.9,87
2019-11-08,12.7,12.7,316,26.9,91
2019-11-09,5.1,10.2,314,30.1,87
2019-11-10,0.9,9.8,310,29.8,85
2019-11-11,6.5,14.1,233,29.1,86
2019-11-12,9.7,11.2,252,30.1,88
2019-11-13,7.0,5.7,8,30.1,88
2019-11-14,21.6,14.3,42,27.6,92
2019-11-15,11.9,11.9,16,27.0,92
2019-11-16,5.1,8.2,36,29.5,89
2019-11-17,0.8,9.4,62,30.8,83
2019-11-18,8.3,11.9,29,29.9,88
2019-11-19,13.9,10.1,24,29.3,89
2019-11-20,15.2,14.8,30,27.6,92
2019-11-21,23.6,13.4,21,28.3,91
2019-11-22,31.9,11.2,28,29.2,92
2019-11-23,13.2,12.6,8,27.4,92
2019-11-24,18.3,8.3,18,29.3,89
2019-11-25,12.9,11.5,10,29.8,91
2019-11-26,6.9,12.0,23,29.5,90
2019-11-27,16.5,11.2,31,29.4,90
2019-11-28,6.2,13.8,41,29.5,90
2019-11-29,11.3,13.5,23,29.7,91
2019-11-30,7.6,9.5,24,29.5,90
2019-12-01,78.4,9.4,3,29.1,90
2019-12-02,35.9,13.5,5,28.7,91
2019-12-03,1.0,17.0,21,28.3,83
2019-12-04,0.1,23.1,19,29.5,80
2019-12-05,0.0,20.1,26,29.5,80
2019-12-06,2.9,19.8,17,29.6,81
2019-12-07,0.3,26.7,24,28.4,79
2019-12-08,6.5,18.0,29,26.9,90
2019-12-09,16.4,19.1,38,26.2,92
2019-12-10,4.8,16.6,25,27.7,90
2019-12-11,15.9,16.3,21,26.6,93
2019-12-12,7.6,21.2,22,29.0,85
2019-12-13,21.5,18.3,13,28.2,87
2019-12-14,27.3,18.0,35,27.3,91
2019-12-15,20.5,9.3,42,28.3,92
2019-12-16,17.9,14.7,8,28.0,91
2019-12-17,36.2,9.9,12,27.1,94
2019-12-18,18.0,8.9,360,28.3,92
2019-12-19,3.4,13.5,13,29.0,90
2019-12-20,3.4,14.8,36,28.6,89
2019-12-21,11.8,14.3,21,28.4,90
2019-12-22,5.8,17.7,354,28.2,90
2019-12-23,3.2,12.9,15,30.1,87
2019-12-24,2.7,18.3,19,30.2,87
2019-12-25,8.6,12.6,1,29.6,88
2019-12-26,2.2,16.2,14,30.6,83
2019-12-27,0.8,16.6,21,30.2,82
2019-12-28,2.5,18.1,29,29.1,83
2019-12-29,1.3,18.2,27,29.9,83
2019-12-30,0.4,18.7,23,30.1,83
2019-12-31,0.7,22.2,21,29.2,84
2020-01-01,0.3,22.6,19,29.7,83
2020-01-02,1.4,18.2,16,29.0,87
2020-01-03,1.8,17.9,17,29.6,86
2020-01-04,1.0,22.7,19,29.5,83
2020-01-05,1.0,20.9,18,30.2,81
2020-01-06,4.8,21.3,1,29.4,84
2020-01-07,19.0,22.2,7,28.4,88
2020-01-08,2.1,19.4,15,29.4,86
2020-01-09,2.7,20.8,16,29.3,86
2020-01-10,5.5,14.6,354,30.3,85
2020-01-11,4.2,10.9,342,30.2,87
2020-01-12,1.3,11.5,359,29.6,86
2020-01-13,1.4,19.0,20,29.9,84
2020-01-14,0.0,19.7,22,30.5,81
2020-01-15,0.9,18.4,23,29.6,84
2020-01-16,3.1,14.5,25,29.9,84
2020-01-17,1.1,16.1,20,30.6,81
2020-01-18,2.6,15.9,22,29.8,86
2020-01-19,5.1,16.9,40,30.1,86
2020-01-20,14.3,14.9,33,29.4,89
2020-01-21,7.1,21.7,33,28.2,89
2020-01-22,0.0,20.5,29,30.4,83
2020-01-23,3.0,16.1,23,30.2,86
2020-01-24,1.0,21.7,22,30.6,80
2020-01-25,0.0,15.6,30,31.4,78
2020-01-26,0.3,12.6,23,31.8,80
2020-01-27,7.4,12.0,18,30.4,85
2020-01-28,6.4,12.8,38,30.7,86
2020-01-29,44.8,15.2,312,27.6,92
2020-01-30,3.8,14.1,21,30.5,85
2020-01-31,0.5,21.9,38,29.8,82
2020-02-01,1.2,24.1,42,29.8,83
2020-02-02,0.8,26.2,31,29.0,83
2020-02-03,0.0,21.7,26,29.7,79
2020-02-04,0.3,15.5,24,29.8,80
2020-02-05,1.0,16.1,22,30.1,81
2020-02-06,1.2,19.8,28,29.5,81
2020-02-07,0.7,22.7,24,29.9,78
2020-02-08,0.0,14.2,9,31.0,76
2020-02-09,6.1,15.7,359,29.1,88
2020-02-10,24.5,12.6,21,27.4,92
2020-02-11,36.3,13.8,43,28.2,91
2020-02-12,10.2,14.2,43,29.2,89
2020-02-13,1.3,16.6,33,29.9,86
2020-02-14,1.3,19.4,37,30.9,83
2020-02-15,2.0,10.5,357,31.1,84
2020-02-16,4.2,6.2,13,29.7,85
2020-02-17,0.2,17.3,24,31.4,80
2020-02-18,6.2,14.6,35,27.1,90
2020-02-19,1.0,20.2,21,29.9,84
2020-02-20,2.5,26.4,22,29.5,84
2020-02-21,5.2,25.5,23,29.0,87
2020-02-22,1.0,26.4,25,29.4,84
2020-02-23,0.2,23.2,24,29.8,81
2020-02-24,3.7,25.0,26,28.7,84
2020-02-25,3.8,20.0,21,29.8,81
2020-02-26,0.2,20.7,23,31.4,81
2020-02-27,0.0,19.5,31,30.8,80
2020-02-28,0.7,19.5,29,30.5,80
2020-02-29,0.0,18.4,28,31.1,77
2020-03-01,0.0,18.7,23,33.2,77
2020-03-02,0.2,18.5,27,32.2,78
2020-03-03,1.0,20.3,30,31.5,81
2020-03-04,1.1,15.3,32,31.6,81
2020-03-05,5.6,12.5,61,29.4,86
2020-03-06,9.4,11.0,18,30.4,88
2020-03-07,9.6,14.2,16,30.6,87
2020-03-08,11.2,13.9,359,30.9,88
2020-03-09,5.9,7.1,2,30.8,86
2020-03-10,2.0,13.2,53,31.3,86
2020-03-11,2.2,13.9,16,32.1,86
2020-03-12,4.2,16.4,21,31.2,82
2020-03-13,0.9,15.3,24,31.5,83
2020-03-14,0.3,16.6,54,31.0,82
2020-03-15,0.8,18.7,52,32.1,80
2020-03-16,2.8,17.4,42,30.7,80
2020-03-17,0.0,22.5,34,31.9,73
2020-03-18,2.6,17.0,23,32.2,78
2020-03-19,1.9,16.7,10,32.2,79
2020-03-20,1.3,12.5,54,31.2,80
2020-03-21,18.5,12.6,67,30.7,84
2020-03-22,12.7,9.4,22,30.3,89
2020-03-23,24.6,10.1,48,29.9,90
2020-03-24,2.2,16.3,37,30.6,85
2020-03-25,1.5,12.3,61,30.6,84
2020-03-26,3.4,14.0,45,30.7,86
2020-03-27,3.1,13.3,23,30.9,86
2020-03-28,3.2,11.1,21,30.4,84
2020-03-29,0.3,14.5,30,32.3,81
2020-03-30,2.3,10.6,348,30.3,84
2020-03-31,2.5,10.0,20,30.9,81
2020-04-01,0.9,10.3,58,31.7,81
2020-04-02,23.5,8.0,20,31.1,88
2020-04-03,21.5,11.3,29,30.7,85
2020-04-04,7.5,13.6,39,30.9,86
2020-04-05,9.3,11.0,21,31.4,86
2020-04-06,19.7,7.9,19,28.5,90
2020-04-07,19.9,6.5,48,28.5,89
2020-04-08,53.0,10.8,12,31.2,89
2020-04-09,0.4,12.7,54,30.8,84
2020-04-10,0.2,12.0,56,31.0,81
2020-04-11,6.7,11.4,58,29.7,84
2020-04-12,8.4,11.2,57,31.0,86
2020-04-13,13.8,11.0,41,30.8,89
2020-04-14,1.0,15.1,34,30.5,83
2020-04-15,0.5,15.8,39,30.1,83
2020-04-16,0.4,12.0,49,30.9,84
2020-04-17,0.9,10.6,62,31.0,84
2020-04-18,4.5,13.0,49,31.1,83
2020-04-19,1.4,12.1,82,31.5,81
2020-04-20,0.6,12.4,76,31.7,81
2020-04-21,10.7,15.5,60,31.0,87
2020-04-22,4.4,9.7,55,31.5,85
2020-04-23,28.6,8.7,46,28.9,90
2020-04-24,11.2,10.0,12,30.1,91
2020-04-25,29.8,6.0,43,29.0,91
2020-04-26,33.4,9.1,349,29.8,92
2020-04-27,16.1,12.0,277,28.2,90
2020-04-28,23.4,9.9,327,29.3,89
2020-04-29,13.0,7.4,320,30.0,87
2020-04-30,27.4,7.3,293,28.5,92
2020-05-01,27.4,17.3,271,29.0,92
2020-05-02,10.5,9.9,338,29.9,88
2020-05-03,11.5,8.2,312,29.5,90
2020-05-04,16.1,6.9,337,29.5,92
2020-05-05,11.0,8.4,353,31.0,89
2020-05-06,7.9,9.7,250,30.3,88
2020-05-07,3.6,8.8,167,31.3,86
2020-05-08,9.3,14.2,199,29.6,87
2020-05-09,3.8,10.9,164,30.4,83
2020-05-10,9.9,12.8,130,30.8,86
2020-05-11,5.2,13.3,114,30.4,87
2020-05-12,12.5,11.9,86,29.8,90
2020-05-13,31.0,10.6,314,27.1,91
2020-05-14,13.8,10.0,148,30.0,90
2020-05-15,5.1,11.7,157,30.6,86
2020-05-16,4.3,12.3,136,30.1,88
2020-05-17,25.4,12.2,238,29.0,90
2020-05-18,28.1,12.2,209,30.1,87
2020-05-19,8.8,9.7,145,30.9,88
2020-05-20,10.6,9.5,234,30.2,88
2020-05-21,5.3,6.7,309,32.3,85
2020-05-22,39.6,12.3,74,29.8,89
2020-05-23,74.5,9.8,186,27.7,92
2020-05-24,0.3,8.7,129,30.6,86
2020-05-25,1.7,10.2,116,30.5,88
2020-05-26,14.1,8.3,163,30.2,88
2020-05-27,25.3,11.8,83,29.0,90
2020-05-28,4.6,12.7,102,30.9,85
2020-05-29,18.0,9.5,132,30.1,88
2020-05-30,2.0,9.0,148,31.0,86
2020-05-31,9.3,11.2,148,29.5,90
2020-06-01,16.3,14.1,179,28.4,90
2020-06-02,0.5,8.7,136,30.7,83
2020-06-03,7.0,14.0,130,29.5,88
2020-06-04,24.2,14.2,170,28.8,89
2020-06-05,27.9,16.3,217,27.1,90
2020-06-06,10.6,11.3,186,27.1,89
2020-06-07,1.1,13.0,139,30.1,86
2020-06-08,3.3,7.6,125,30.3,89
2020-06-09,1.4,15.0,150,30.1,86
2020-06-10,9.9,13.7,144,29.7,89
2020-06-11,16.4,13.3,136,29.3,90
2020-06-12,10.6,10.4,165,29.4,90
2020-06-13,142.9,16.9,192,27.7,91
2020-06-14,2.8,16.0,166,29.1,86
2020-06-15,1.4,15.8,142,30.4,86
2020-06-16,13.8,10.1,90,28.7,90
2020-06-17,38.6,14.4,148,28.2,92
2020-06-18,15.4,9.7,238,28.7,87
2020-06-19,15.4,12.0,212,27.9,90
2020-06-20,41.1,15.4,216,27.0,92
2020-06-21,23.4,15.3,201,28.1,91
2020-06-22,19.0,15.8,201,27.9,90
2020-06-23,63.3,12.5,199,26.0,93
2020-06-24,16.1,16.2,170,27.0,92
2020-06-25,0.3,13.1,150,29.4,86
2020-06-26,5.2,13.8,153,29.2,86
2020-06-27,3.1,14.7,140,28.6,87
2020-06-28,1.4,20.8,152,29.6,84
2020-06-29,13.1,15.2,156,30.0,84
2020-06-30,2.5,18.8,144,30.2,85
2020-07-01,19.5,11.4,150,27.9,90
2020-07-02,2.2,18.8,148,29.3,87
2020-07-03,4.9,15.2,147,29.7,86
2020-07-04,10.6,13.0,106,30.1,87
2020-07-05,6.5,11.2,121,29.7,88
2020-07-06,1.6,14.0,131,30.4,81
2020-07-07,20.1,13.0,148,28.5,89
2020-07-08,10.4,10.7,263,27.8,90
2020-07-09,36.0,18.1,249,25.8,92
2020-07-10,8.5,8.6,193,28.4,88
2020-07-11,11.0,14.0,147,28.5,90
2020-07-12,17.3,14.8,173,28.1,89
2020-07-13,43.0,17.0,222,26.2,92
2020-07-14,4.8,15.5,173,26.6,90
2020-07-15,6.3,12.3,166,28.4,88
2020-07-16,4.6,10.6,126,30.0,87
2020-07-17,8.3,10.1,171,29.3,88
2020-07-18,11.1,14.1,116,28.5,88
2020-07-19,3.1,8.8,145,29.4,88
2020-07-20,1.0,10.5,127,29.6,86
2020-07-21,3.7,12.5,129,30.0,85
2020-07-22,28.4,11.5,136,28.6,90
2020-07-23,12.5,10.7,217,28.1,90
2020-07-24,12.9,10.4,123,28.8,89
2020-07-25,19.7,12.8,143,28.4,90
2020-07-26,9.3,15.3,139,28.6,87
2020-07-27,9.5,18.0,151,29.1,85
2020-07-28,2.9,18.4,166,29.2,85
2020-07-29,19.6,11.7,170,25.9,93
2020-07-30,3.0,13.7,164,29.4,89
2020-07-31,14.1,15.3,182,28.4,88
2020-08-01,1.1,20.8,167,29.0,85
2020-08-02,1.0,16.5,162,29.2,83
2020-08-03,0.3,15.1,145,29.7,82
2020-08-04,4.9,10.7,172,28.4,88
2020-08-05,0.9,18.3,163,29.7,84
2020-08-06,0.1,11.4,154,29.9,86
2020-08-07,0.6,14.5,152,30.2,86
2020-08-08,0.5,16.7,153,30.6,86
2020-08-09,3.7,14.2,143,29.6,88
2020-08-10,1.2,18.1,156,29.8,87
2020-08-11,10.3,18.1,163,30.5,85
2020-08-12,2.5,13.8,155,29.7,87
2020-08-13,5.2,12.4,186,29.1,87
2020-08-14,12.3,11.6,192,28.4,89
2020-08-15,4.6,10.6,150,29.0,86
2020-08-16,5.0,13.3,159,28.9,87
2020-08-17,16.9,13.2,200,28.3,90
2020-08-18,7.6,16.6,186,28.9,87
2020-08-19,12.6,9.8,172,29.2,87
2020-08-20,5.2,11.9,126,29.6,86
2020-08-21,0.1,17.5,130,30.6,80
2020-08-22,6.5,13.0,137,29.2,85
2020-08-23,19.1,11.2,145,27.6,91
2020-08-24,2.5,13.0,110,29.6,87
2020-08-25,5.1,12.8,119,28.4,89
2020-08-26,7.6,13.8,160,28.5,87
2020-08-27,2.8,13.3,154,28.9,87
2020-08-28,1.1,17.6,161,29.8,81
2020-08-29,9.4,15.3,144,28.9,87
2020-08-30,5.2,18.2,154,29.8,86
2020-08-31,1.6,15.5,148,30.3,84
2020-09-01,15.9,13.4,150,28.9,89
2020-09-02,22.5,11.6,133,29.4,89
2020-09-03,18.3,9.9,123,27.7,91
2020-09-04,8.0,13.3,162,28.3,89
2020-09-05,32.4,12.6,207,25.7,93
2020-09-06,2.7,14.5,167,29.6,85
2020-09-07,5.6,16.6,120,30.3,86
2020-09-08,9.6,12.1,134,28.7,90
2020-09-09,21.6,10.6,136,29.5,89
2020-09-10,26.5,15.6,210,26.4,92
2020-09-11,4.2,14.2,208,28.5,86
2020-09-12,18.4,15.0,186,27.5,90
2020-09-13,4.0,13.9,215,27.8,87
2020-09-14,15.7,14.4,156,26.8,91
2020-09-15,9.2,13.8,171,29.1,88
2020-09-16,9.6,14.8,186,28.3,88
2020-09-17,4.6,16.3,166,29.5,87
2020-09-18,2.4,16.8,166,29.3,85
2020-09-19,0.4,15.2,183,29.1,85
2020-09-20,13.6,12.7,85,29.2,89
2020-09-21,14.6,8.6,180,27.5,91
2020-09-22,12.2,12.8,179,28.9,89
2020-09-23,1.3,10.8,145,30.2,85
2020-09-24,3.4,15.3,196,29.1,87
2020-09-25,18.2,11.8,99,30.2,88
2020-09-26,23.8,16.0,240,27.7,89
2020-09-27,11.5,16.1,215,27.0,87
2020-09-28,7.3,18.7,176,29.7,86
2020-09-29,10.1,16.3,139,28.6,89
2020-09-30,10.8,16.0,102,29.5,89
2020-10-01,20.1,8.3,227,29.0,90
2020-10-02,19.4,12.2,221,28.6,88
2020-10-03,13.2,16.9,218,29.7,82
2020-10-04,0.1,14.0,197,29.2,82
2020-10-05,1.1,10.9,184,29.8,85
2020-10-06,2.4,17.3,196,28.9,88
2020-10-07,17.9,13.9,246,29.8,87
2020-10-08,13.3,15.9,263,28.8,90
2020-10-09,8.6,15.5,214,28.4,85
2020-10-10,6.6,12.8,196,27.0,89
2020-10-11,18.0,14.7,216,28.6,87
2020-10-12,1.7,27.7,176,28.5,82
2020-10-13,0.1,15.8,204,29.1,79
2020-10-14,5.3,17.3,199,29.4,84
2020-10-15,10.4,14.5,198,29.8,84
2020-10-16,0.3,14.8,184,30.0,81
2020-10-17,1.7,14.8,153,30.1,86
2020-10-18,3.7,13.6,155,29.7,87
2020-10-19,1.5,11.1,159,29.6,85
2020-10-20,12.6,8.7,71,29.0,89
2020-10-21,19.6,10.2,335,30.8,87
2020-10-22,54.8,16.9,282,27.3,90
2020-10-23,21.7,9.4,285,30.9,85
2020-10-24,21.9,8.8,128,30.0,88
2020-10-25,7.2,17.1,267,29.4,86
2020-10-26,12.4,13.8,265,27.0,91
2020-10-27,1.4,15.0,226,29.8,84
2020-10-28,8.4,9.4,162,28.1,90
2020-10-29,19.0,11.9,151,29.2,90
2020-10-30,12.1,9.8,126,29.9,90
2020-10-31,17.0,8.8,337,29.5,88
2020-11-01,10.9,15.6,282,29.3,89
2020-11-02,16.4,9.8,333,29.3,90
2020-11-03,13.3,8.8,228,28.2,92
2020-11-04,8.1,7.6,313,27.0,91
2020-11-05,0.8,9.3,119,29.8,85
2020-11-06,5.4,12.0,171,29.6,86
2020-11-07,37.5,12.1,265,26.6,93
2020-11-08,11.1,10.5,289,28.6,89
2020-11-09,17.0,11.2,301,27.1,91
2020-11-10,9.8,9.7,247,27.5,91
2020-11-11,0.2,14.7,141,30.3,84
2020-11-12,0.8,15.6,99,30.6,82
2020-11-13,1.9,13.8,37,30.2,88
2020-11-14,15.8,15.5,48,30.2,89
2020-11-15,25.3,14.3,61,29.3,91
2020-11-16,4.7,14.7,39,29.7,89
2020-11-17,17.5,12.2,65,29.6,90
2020-11-18,2.5,11.3,325,30.2,87
2020-11-19,13.0,8.2,31,29.7,88
2020-11-20,13.1,7.1,329,30.1,89
2020-11-21,29.1,8.7,330,28.1,92
2020-11-22,22.6,11.2,306,28.3,90
2020-11-23,17.1,10.5,325,28.0,92
2020-11-24,9.6,10.4,307,26.6,92
2020-11-25,6.9,9.0,355,27.4,93
2020-11-26,15.9,8.0,319,27.0,93
2020-11-27,19.9,12.1,59,28.3,92
2020-11-28,3.8,6.5,339,28.6,88
2020-11-29,5.5,14.2,337,29.2,89
2020-11-30,18.2,15.9,325,29.4,90
2020-12-01,6.1,11.2,306,30.2,87
2020-12-02,2.5,9.3,358,30.1,90
2020-12-03,12.9,12.6,356,30.0,90
2020-12-04,17.0,15.2,4,28.9,91
2020-12-05,7.4,19.9,13,28.3,87
2020-12-06,0.5,20.2,10,30.3,81
2020-12-07,5.9,21.3,2,30.2,83
2020-12-08,4.2,18.0,349,29.9,87
2020-12-09,6.4,14.7,349,29.6,89
2020-12-10,7.3,16.3,333,29.9,88
2020-12-11,5.4,14.9,336,30.0,87
2020-12-12,20.2,14.8,338,29.5,89
2020-12-13,13.2,15.0,323,30.0,87
2020-12-14,26.5,10.8,1,28.9,90
2020-12-15,24.7,11.4,353,28.5,90
2020-12-16,20.0,12.6,348,27.7,91
2020-12-17,6.4,15.3,332,27.8,91
2020-12-18,14.3,11.0,328,25.8,93
2020-12-19,3.0,13.5,330,27.1,91
2020-12-20,15.6,14.8,356,28.7,89
2020-12-21,12.8,15.3,353,28.9,89
2020-12-22,3.1,16.3,3,30.0,84
2020-12-23,5.8,10.9,335,29.4,88
2020-12-24,35.7,12.0,314,26.6,93
2020-12-25,1.9,11.7,64,29.8,87
2020-12-26,25.8,12.3,41,29.7,88
2020-12-27,17.2,10.3,14,29.8,87
2020-12-28,8.0,16.9,16,29.1,88
2020-12-29,3.3,12.7,343,29.2,87
2020-12-30,5.6,13.0,13,29.5,86
2020-12-31,10.9,12.0,6,28.9,86
2021-01-01,35.9,16.3,4,25.9,93
2021-01-02,78.6,21.8,338,24.2,94
2021-01-03,8.4,13.1,334,27.2,92
2021-01-04,3.5,17.3,351,27.4,89
2021-01-05,5.1,17.9,360,30.0,89
2021-01-06,9.2,16.6,347,27.8,91
2021-01-07,7.4,14.2,357,26.3,93
2021-01-08,10.6,17.1,24,27.0,93
2021-01-09,32.6,18.7,14,27.5,91
2021-01-10,94.9,20.5,0,24.6,95
2021-01-11,23.6,18.4,4,26.2,92
2021-01-12,9.5,21.6,19,26.9,90
2021-01-13,3.6,19.4,14,26.4,88
2021-01-14,0.4,21.1,23,27.5,87
2021-01-15,1.1,17.1,30,27.9,85
2021-01-16,1.7,14.7,30,28.9,85
2021-01-17,1.8,22.1,22,28.9,82
2021-01-18,0.0,28.7,24,27.4,75
2021-01-19,0.0,18.8,16,28.6,76
2021-01-20,1.9,17.3,12,28.6,81
2021-01-21,3.3,14.1,17,29.4,84
2021-01-22,3.5,14.0,22,29.4,86
2021-01-23,2.8,18.2,22,28.6,85
2021-01-24,3.8,18.9,26,29.3,84
2021-01-25,1.5,16.3,24,29.8,83
2021-01-26,1.2,15.0,16,29.6,83
2021-01-27,1.0,14.7,12,30.0,84
2021-01-28,10.4,18.2,13,28.6,90
2021-01-29,0.6,16.8,10,29.0,82
2021-01-30,1.0,22.0,16,29.2,82
2021-01-31,1.5,16.6,15,28.8,82
2021-02-01,0.7,23.3,21,29.5,84
2021-02-02,0.7,20.6,14,29.9,81
2021-02-03,1.6,19.3,19,29.4,80
2021-02-04,0.0,22.4,15,30.1,76
2021-02-05,2.1,21.1,15,30.0,82
2021-02-06,0.4,21.1,24,30.5,79
2021-02-07,0.6,21.5,10,31.0,78
2021-02-08,1.1,19.1,15,30.8,82
2021-02-09,1.5,16.5,13,31.8,79
2021-02-10,1.4,14.3,19,31.0,83
2021-02-11,6.1,17.4,10,31.4,82
2021-02-12,4.7,18.8,17,30.6,83
2021-02-13,2.6,20.0,24,30.2,81
2021-02-14,1.2,18.1,27,29.8,80
2021-02-15,0.6,20.7,27,29.7,74
2021-02-16,0.1,18.7,24,30.8,72
2021-02-17,0.0,19.0,19,30.9,72
2021-02-18,0.0,21.3,21,31.2,70
2021-02-19,0.0,24.9,25,30.8,69
2021-02-20,1.3,23.7,23,29.6,75
2021-02-21,1.1,20.3,27,30.6,77
2021-02-22,0.5,20.5,21,31.6,71
2021-02-23,2.6,18.5,20,32.5,72
2021-02-24,1.2,17.0,360,31.4,77
2021-02-25,3.9,17.1,354,32.6,77
2021-02-26,0.1,11.5,13,32.3,79
2021-02-27,1.0,13.0,56,32.4,79
2021-02-28,0.9,13.6,59,31.7,78
2021-03-01,1.9,13.8,55,32.3,77
2021-03-02,0.0,20.7,35,32.6,76
2021-03-03,0.0,19.9,37,33.6,71
2021-03-04,2.4,18.1,38,32.5,77
2021-03-05,2.5,17.1,43,32.1,76
2021-03-06,5.2,20.5,24,32.0,78
2021-03-07,47.2,13.4,319,30.1,86
2021-03-08,3.5,15.7,1,31.2,81
2021-03-09,0.4,18.9,24,30.5,80
2021-03-10,0.2,20.0,21,32.0,77
2021-03-11,1.8,18.6,23,30.5,81
2021-03-12,27.3,13.4,23,29.7,87
2021-03-13,11.7,13.0,11,30.1,88
2021-03-14,5.3,14.6,21,29.8,85
2021-03-15,5.7,17.1,38,30.1,84
2021-03-16,9.9,14.0,55,29.0,87
2021-03-17,12.7,10.3,26,29.5,88
2021-03-18,13.1,14.6,44,29.4,87
2021-03-19,3.1,9.7,46,30.2,85
2021-03-20,10.1,10.1,45,30.0,87
2021-03-21,5.0,7.3,18,30.8,87
2021-03-22,2.7,16.5,31,30.8,85
2021-03-23,22.1,15.5,30,28.9,90
2021-03-24,26.5,15.4,23,28.9,90
2021-03-25,21.5,15.0,45,26.2,94
2021-03-26,9.7,16.7,65,29.9,86
2021-03-27,33.3,11.0,47,29.1,90
2021-03-28,6.5,10.0,66,30.4,85
2021-03-29,37.5,12.3,334,27.8,91
2021-03-30,6.9,11.2,322,30.5,88
2021-03-31,3.4,13.3,271,29.8,85
2021-04-01,0.4,18.0,289,30.3,82
2021-04-02,10.1,14.1,354,30.4,88
2021-04-03,18.6,12.4,359,30.9,89
2021-04-04,14.1,9.0,318,29.8,91
2021-04-05,6.3,17.0,4,29.6,89
2021-04-06,8.3,9.7,0,30.3,89
2021-04-07,7.8,10.4,349,31.0,85
2021-04-08,6.7,11.0,349,30.6,86
2021-04-09,13.3,12.6,339,30.0,88
2021-04-10,1.7,11.7,15,30.6,85
2021-04-11,3.4,11.8,50,30.0,87
2021-04-12,2.0,8.8,89,30.9,83
2021-04-13,9.0,9.8,57,29.8,87
2021-04-14,10.3,12.5,255,29.4,86
2021-04-15,13.4,7.9,6,31.0,85
2021-04-16,6.8,7.6,183,29.1,87
2021-04-17,41.2,14.4,270,28.6,91
2021-04-18,5.6,9.1,293,29.7,87
2021-04-19,11.5,11.8,244,28.2,87
2021-04-20,5.6,10.6,255,30.2,87
2021-04-21,7.6,10.1,172,29.5,87
2021-04-22,23.1,13.4,228,27.5,90
2021-04-23,4.5,16.6,249,29.4,86
2021-04-24,24.7,12.4,229,27.9,90
2021-04-25,0.6,12.3,190,30.4,83
2021-04-26,15.9,10.6,117,30.1,89
2021-04-27,18.7,9.2,278,29.8,89
2021-04-28,7.0,11.5,78,30.2,88
2021-04-29,8.4,12.6,71,29.7,88
2021-04-30,19.2,8.9,15,29.1,89
2021-05-01,15.9,14.5,46,30.2,89
2021-05-02,1.1,13.8,77,31.1,84
2021-05-03,8.1,15.0,63,29.4,88
2021-05-04,10.4,12.3,23,30.3,90
2021-05-05,20.3,10.2,10,29.4,90
2021-05-06,21.9,11.0,335,27.7,92
2021-05-07,14.0,13.8,27,29.9,87
2021-05-08,14.4,7.1,37,28.0,91
2021-05-09,6.9,10.0,19,30.3,89
2021-05-10,1.3,9.1,122,30.9,86
2021-05-11,12.9,13.5,123,30.0,89
2021-05-12,24.9,11.6,227,27.8,92
2021-05-13,19.0,11.5,137,30.1,89
2021-05-14,12.3,8.7,213,28.6,90
2021-05-15,18.8,10.7,205,29.0,91
2021-05-16,11.1,9.8,193,29.3,89
2021-05-17,29.3,8.2,279,27.5,94
2021-05-18,34.3,14.2,265,27.1,93
2021-05-19,13.4,8.4,283,28.9,91
2021-05-20,4.7,10.2,153,29.9,88
2021-05-21,27.1,10.5,170,29.4,90
2021-05-22,3.4,14.2,202,28.0,89
2021-05-23,0.0,13.7,189,30.4,81
2021-05-24,2.8,13.0,144,30.9,84
2021-05-25,1.9,16.4,132,30.9,85
2021-05-26,7.0,13.1,114,30.4,86
2021-05-27,14.6,9.0,114,30.1,88
2021-05-28,12.0,8.3,185,30.2,88
2021-05-29,5.2,10.5,168,28.4,88
2021-05-30,3.1,13.1,136,30.9,85
2021-05-31,5.9,11.7,166,30.0,88
2021-06-01,11.9,12.5,158,29.0,89
2021-06-02,19.9,12.1,145,29.0,88
2021-06-03,10.3,12.4,145,29.7,88
2021-06-04,6.1,12.8,149,29.3,90
2021-06-05,2.9,13.2,201,29.0,87
2021-06-06,0.8,15.1,201,29.8,85
2021-06-07,3.3,15.0,170,29.6,85
2021-06-08,1.3,14.0,163,29.9,85
2021-06-09,9.4,16.0,179,29.0,86
2021-06-10,7.7,11.5,176,29.4,87
2021-06-11,3.7,15.0,156,29.5,86
2021-06-12,7.6,14.2,170,29.8,86
2021-06-13,8.2,14.9,170,29.2,86
2021-06-14,24.5,10.8,137,29.3,88
2021-06-15,24.4,9.0,143,28.6,90
2021-06-16,10.6,11.8,221,28.9,90
2021-06-17,10.2,11.4,128,30.3,84
2021-06-18,19.6,10.3,195,26.8,90
2021-06-19,1.2,9.3,149,29.1,85
2021-06-20,6.1,12.8,172,30.0,85
2021-06-21,1.7,12.0,181,29.8,86
2021-06-22,5.2,11.1,188,29.8,85
2021-06-23,3.3,11.6,252,29.9,84
2021-06-24,6.5,8.3,194,29.5,86
2021-06-25,18.2,11.1,221,28.6,91
2021-06-26,18.8,10.8,206,28.6,88
2021-06-27,47.9,8.4,166,28.7,88
2021-06-28,3.4,9.0,168,29.4,89
2021-06-29,66.9,9.7,228,26.4,92
2021-06-30,20.4,12.3,192,28.6,85
2021-07-01,8.7,16.2,160,27.9,88
2021-07-02,8.2,12.5,162,28.9,88
2021-07-03,6.4,9.8,158,29.3,89
2021-07-04,6.1,11.7,203,28.6,88
2021-07-05,5.4,15.2,192,28.6,87
2021-07-06,7.2,12.6,197,29.2,85
2021-07-07,2.7,10.9,129,29.0,87
2021-07-08,6.3,9.6,137,29.8,87
2021-07-09,13.6,12.7,116,29.3,88
2021-07-10,98.6,9.7,14,27.6,93
2021-07-11,19.8,10.7,22,27.0,92
2021-07-12,34.3,7.6,314,29.2,91
2021-07-13,44.2,17.8,230,25.3,89
2021-07-14,3.3,15.3,142,26.9,85
2021-07-15,0.0,14.8,177,29.8,87
2021-07-16,1.2,14.4,140,30.0,84
2021-07-17,0.3,14.6,157,30.0,83
2021-07-18,0.9,12.6,169,29.1,85
2021-07-19,9.2,9.0,182,28.8,90
2021-07-20,2.0,12.7,164,29.7,87
2021-07-21,0.9,19.5,169,30.3,83
2021-07-22,2.6,17.4,155,30.3,83
2021-07-23,11.5,14.5,172,29.7,88
2021-07-24,2.4,19.5,175,29.8,84
2021-07-25,0.7,17.5,161,30.5,81
2021-07-26,3.1,17.6,166,29.6,83
2021-07-27,4.3,15.6,176,29.7,82
2021-07-28,0.4,19.2,167,30.5,79
2021-07-29,0.1,18.8,168,30.6,77
2021-07-30,3.0,15.3,151,30.1,82
2021-07-31,9.6,17.3,182,28.8,86
2021-08-01,8.8,12.4,213,28.4,85
2021-08-02,12.8,13.6,180,28.8,86
2021-08-03,4.6,16.7,157,29.9,85
2021-08-04,16.7,15.6,216,28.1,88
2021-08-05,1.8,19.0,177,29.6,84
2021-08-06,4.0,17.4,154,29.5,86
2021-08-07,3.0,14.1,140,30.3,88
2021-08-08,21.2,11.7,158,29.5,90
2021-08-09,0.5,11.6,214,30.1,86
2021-08-10,13.2,16.2,185,29.0,87
2021-08-11,11.7,15.0,170,28.4,89
2021-08-12,5.5,18.1,156,29.4,86
2021-08-13,10.4,16.4,130,28.9,87
2021-08-14,18.8,11.4,122,29.3,88
2021-08-15,16.6,9.1,155,28.6,89
2021-08-16,6.5,10.7,81,29.1,88
2021-08-17,50.4,10.5,307,26.7,91
2021-08-18,16.9,12.7,265,26.3,92
2021-08-19,9.5,19.5,267,27.6,87
2021-08-20,23.3,12.0,187,25.6,91
2021-08-21,3.7,11.4,182,27.7,87
2021-08-22,11.7,11.3,179,27.1,90
2021-08-23,10.7,9.9,222,28.6,91
2021-08-24,7.2,13.8,186,27.9,89
2021-08-25,1.5,15.2,172,27.9,87
2021-08-26,8.3,14.3,135,28.8,89
2021-08-27,6.3,14.9,144,28.0,87
2021-08-28,1.4,11.9,153,29.3,84
2021-08-29,9.4,13.6,166,28.7,89
2021-08-30,10.7,14.1,179,27.7,89
2021-08-31,4.1,9.6,190,28.4,88
2021-09-01,2.4,15.5,240,28.1,87
2021-09-02,13.0,12.5,206,25.8,91
2021-09-03,6.6,10.1,149,29.0,86
2021-09-04,5.8,12.5,124,28.9,87
2021-09-05,3.4,10.2,119,29.9,85
2021-09-06,9.6,10.0,128,29.6,87
2021-09-07,8.9,14.3,209,28.7,87
2021-09-08,0.0,22.9,207,27.8,80
2021-09-09,0.6,16.2,186,29.2,83
2021-09-10,3.7,12.7,193,29.1,86
2021-09-11,0.2,16.3,152,30.2,83
2021-09-12,8.2,12.1,170,29.5,87
2021-09-13,12.7,14.5,266,27.1,92
2021-09-14,0.0,11.2,182,29.2,85
2021-09-15,1.4,13.4,115,30.3,83
2021-09-16,1.6,14.8,100,30.3,84
2021-09-17,0.5,13.9,93,30.8,83
2021-09-18,6.0,11.4,109,29.5,88
2021-09-19,24.1,18.2,201,27.0,90
2021-09-20,0.7,13.8,198,29.6,84
2021-09-21,2.9,11.2,188,28.8,87
2021-09-22,4.9,16.2,170,29.9,83
2021-09-23,2.4,15.7,174,29.5,85
2021-09-24,9.5,9.9,153,30.0,85
2021-09-25,11.1,11.4,129,30.1,87
2021-09-26,12.7,15.9,47,30.7,86
2021-09-27,22.9,10.2,305,29.8,89
2021-09-28,21.2,7.4,334,30.4,88
2021-09-29,50.8,13.4,242,29.2,90
2021-09-30,26.2,17.2,216,27.1,89
2021-10-01,16.3,19.2,186,28.0,88
2021-10-02,1.8,9.2,17,28.6,89
2021-10-03,1.4,10.2,86,30.7,85
2021-10-04,4.6,12.2,183,29.7,88
2021-10-05,4.5,14.0,260,29.3,89
2021-10-06,0.9,18.1,277,30.4,83
2021-10-07,5.9,19.2,263,30.0,84
2021-10-08,1.9,15.9,187,30.4,83
2021-10-09,0.6,15.1,152,30.6,83
2021-10-10,14.7,14.4,186,29.4,88
2021-10-11,1.3,18.5,201,30.2,83
2021-10-12,5.7,15.4,173,29.7,88
2021-10-13,3.4,12.7,175,30.6,85
2021-10-14,5.9,17.0,176,29.7,85
2021-10-15,7.8,12.0,169,30.2,84
2021-10-16,2.2,12.6,143,30.3,83
2021-10-17,11.3,15.0,42,29.8,88
2021-10-18,23.9,11.4,356,28.3,91
2021-10-19,1.0,11.5,123,30.0,87
2021-10-20,28.5,13.7,118,28.5,89
2021-10-21,11.3,13.7,318,29.3,90
2021-10-22,18.6,10.0,346,28.9,90
2021-10-23,6.1,12.0,301,29.1,90
2021-10-24,21.8,14.7,356,29.8,90
2021-10-25,11.0,11.3,291,29.2,89
2021-10-26,10.7,11.9,316,30.5,89
2021-10-27,9.5,11.9,266,30.4,84
2021-10-28,5.5,12.8,138,29.1,86
2021-10-29,1.4,13.7,113,29.4,85
2021-10-30,15.6,9.8,52,30.5,88
2021-10-31,18.0,10.8,304,29.1,90
2021-11-01,30.3,15.9,348,27.5,92
2021-11-02,31.4,12.0,340,28.5,92
2021-11-03,15.5,11.9,309,28.5,91
2021-11-04,15.8,10.5,337,29.8,89
2021-11-05,24.1,11.3,327,28.4,91
2021-11-06,0.7,7.9,317,29.8,88
2021-11-07,16.7,12.9,352,30.6,89
2021-11-08,14.4,11.3,53,28.4,89
2021-11-09,8.4,14.4,3,30.3,89
2021-11-10,24.2,15.9,298,28.3,92
2021-11-11,8.3,20.9,278,29.6,86
2021-11-12,2.5,17.2,261,29.2,87
2021-11-13,7.8,13.0,226,27.6,89
2021-11-14,15.3,11.0,305,30.0,88
2021-11-15,3.8,10.1,67,29.5,89
2021-11-16,0.8,8.9,86,30.5,85
2021-11-17,11.4,13.7,328,29.2,90
2021-11-18,15.2,9.2,250,28.8,89
2021-11-19,14.2,10.4,336,30.1,89
2021-11-20,12.3,15.1,312,29.6,87
2021-11-21,15.0,14.9,357,30.0,89
2021-11-22,9.2,8.4,310,30.1,88
2021-11-23,13.8,11.4,34,28.4,91
2021-11-24,8.1,10.2,23,26.9,93
2021-11-25,4.1,19.4,4,30.5,87
2021-11-26,0.3,16.0,320,29.8,87
2021-11-27,14.0,15.3,327,29.5,89
2021-11-28,10.5,11.9,300,29.3,90
2021-11-29,0.2,17.6,280,30.2,81
2021-11-30,0.1,13.8,272,30.7,81
2021-12-01,1.6,9.5,90,30.3,85
2021-12-02,49.2,14.0,16,26.5,92
2021-12-03,7.9,16.3,357,29.2,88
2021-12-04,1.4,19.6,356,28.6,85
2021-12-05,9.6,15.2,357,28.2,88
2021-12-06,3.5,16.3,358,29.8,84
2021-12-07,1.5,18.4,4,30.0,81
2021-12-08,1.7,20.3,18,29.0,83
2021-12-09,0.7,18.0,13,30.3,81
2021-12-10,10.6,18.5,359,29.5,85
2021-12-11,10.5,17.8,9,29.1,90
2021-12-12,14.2,17.6,12,27.5,89
2021-12-13,10.6,18.0,360,29.1,85
2021-12-14,1.2,23.8,360,29.8,82
2021-12-15,10.3,16.0,338,29.0,88
2021-12-16,2.5,16.5,288,29.8,85
2021-12-17,22.2,18.4,257,27.8,90
2021-12-18,26.2,9.8,292,29.2,90
2021-12-19,10.7,15.8,312,28.1,91
2021-12-20,0.1,14.8,348,30.3,84
2021-12-21,1.3,12.6,29,30.7,84
2021-12-22,4.7,14.4,329,29.3,88
2021-12-23,8.5,10.9,325,28.7,89
2021-12-24,19.2,13.9,2,28.7,90
2021-12-25,9.7,16.2,7,29.5,90
2021-12-26,1.5,16.2,12,29.8,86
2021-12-27,1.8,14.1,2,30.4,86
2021-12-28,0.4,18.2,13,30.5,82
2021-12-29,2.0,16.1,3,30.0,86
2021-12-30,1.9,14.2,20,29.3,88
2021-12-31,27.6,14.3,23,27.1,92
2022-01-01,31.9,11.8,7,26.1,94
2022-01-02,38.9,12.2,305,26.5,92
2022-01-03,4.9,11.5,279,28.3,89
2022-01-04,9.2,18.6,345,28.3,90
2022-01-05,5.0,15.6,328,29.7,88
2022-01-06,3.2,12.6,354,30.2,87
2022-01-07,2.9,17.0,10,29.4,87
2022-01-08,2.7,18.3,21,28.4,88
2022-01-09,0.7,20.6,22,29.2,87
2022-01-10,5.5,15.5,11,29.2,85
2022-01-11,0.5,16.5,11,30.2,83
2022-01-12,0.0,20.3,22,29.7,82
2022-01-13,0.1,18.1,13,29.2,79
2022-01-14,0.3,19.8,12,29.2,78
2022-01-15,0.8,17.7,18,29.4,81
2022-01-16,0.8,19.9,18,29.9,83
2022-01-17,2.8,17.7,16,29.5,85
2022-01-18,0.4,19.5,11,30.6,78
2022-01-19,2.8,19.6,8,29.3,83
2022-01-20,0.7,13.4,10,29.9,83
2022-01-21,0.7,16.2,23,29.9,83
2022-01-22,0.4,15.3,25,30.4,82
2022-01-23,0.2,13.3,29,31.0,80
2022-01-24,2.0,10.7,1,30.7,82
2022-01-25,0.5,18.2,21,31.6,78
2022-01-26,0.4,17.5,15,31.9,78
2022-01-27,0.1,17.3,29,31.3,79
2022-01-28,0.7,16.2,24,32.0,78
2022-01-29,1.6,13.7,25,32.2,80
2022-01-30,1.5,14.2,23,31.1,81
2022-01-31,1.3,14.8,24,30.5,81
2022-02-01,1.0,20.9,29,31.4,78
2022-02-02,2.2,14.3,29,31.3,79
2022-02-03,2.0,18.4,30,31.1,81
2022-02-04,1.9,22.2,33,31.7,79
2022-02-05,13.5,15.2,30,28.9,85
2022-02-06,7.1,16.5,346,30.4,85
2022-02-07,2.3,20.7,347,29.1,86
2022-02-08,12.6,14.0,13,29.5,90
2022-02-09,16.0,14.6,6,27.5,91
2022-02-10,26.6,13.1,325,25.1,94
2022-02-11,11.8,17.3,347,27.4,89
2022-02-12,2.6,13.7,359,29.7,85
2022-02-13,1.3,10.6,11,29.9,86
2022-02-14,0.5,11.4,56,30.0,85
2022-02-15,5.8,14.4,78,30.3,86
2022-02-16,0.7,11.0,76,28.8,87
2022-02-17,1.3,13.9,58,29.4,84
2022-02-18,0.7,14.6,68,30.5,82
2022-02-19,3.6,10.4,13,30.9,84
2022-02-20,2.2,16.2,25,31.6,86
2022-02-21,1.3,14.8,12,31.4,84
2022-02-22,0.4,15.9,21,31.1,80
2022-02-23,7.7,17.7,358,30.4,86
2022-02-24,27.7,15.4,318,25.7,92
2022-02-25,5.1,15.7,306,30.2,85
2022-02-26,3.2,12.0,79,29.0,85
2022-02-27,6.0,17.6,45,28.7,86
2022-02-28,8.2,13.4,21,29.3,87
2022-03-01,5.7,11.2,355,29.8,86
2022-03-02,4.6,15.4,3,30.9,88
2022-03-03,8.9,15.5,333,30.5,87
2022-03-04,6.7,15.2,349,30.3,87
2022-03-05,3.1,15.3,346,30.8,87
2022-03-06,0.7,8.3,321,29.0,88
2022-03-07,6.6,13.6,21,29.5,88
2022-03-08,2.9,11.1,21,30.2,85
2022-03-09,4.9,13.2,27,29.2,88
2022-03-10,7.3,12.5,19,29.0,88
2022-03-11,4.7,10.6,353,30.5,87
2022-03-12,1.8,14.5,4,30.1,85
2022-03-13,1.0,12.7,353,31.7,83
2022-03-14,4.2,9.3,33,30.8,85
2022-03-15,17.2,10.6,16,29.8,87
2022-03-16,1.4,9.0,66,30.3,85
2022-03-17,39.9,10.2,28,30.5,90
2022-03-18,4.0,10.0,307,30.9,86
2022-03-19,0.0,11.6,156,31.0,83
2022-03-20,0.4,9.6,122,30.2,84
2022-03-21,0.0,10.2,211,30.9,82
2022-03-22,1.6,13.2,86,30.7,83
2022-03-23,3.0,8.2,60,29.8,88
2022-03-24,1.8,13.8,33,31.4,84
2022-03-25,2.0,13.8,36,31.5,83
2022-03-26,7.6,11.4,9,31.4,87
2022-03-27,4.7,10.1,347,31.7,85
2022-03-28,8.9,9.4,359,31.5,86
2022-03-29,0.8,12.5,359,31.7,86
2022-03-30,2.8,10.6,3,31.6,83
2022-03-31,5.5,16.1,305,29.6,87
2022-04-01,3.5,14.0,304,30.8,86
2022-04-02,4.0,13.4,346,30.5,85
2022-04-03,3.2,13.7,329,29.4,87
2022-04-04,3.4,10.4,324,30.7,84
2022-04-05,8.1,13.3,359,30.0,89
2022-04-06,9.0,15.1,305,30.7,86
2022-04-07,4.6,17.5,285,28.3,88
2022-04-08,1.9,11.7,330,30.9,85
2022-04-09,0.5,10.7,315,29.9,85
2022-04-10,4.1,8.9,21,30.6,86
2022-04-11,3.2,11.5,280,29.9,89
2022-04-12,5.8,8.0,312,30.6,86
2022-04-13,14.5,10.6,256,30.2,85
2022-04-14,0.3,11.1,216,30.2,84
2022-04-15,8.8,13.4,257,29.6,87
2022-04-16,3.7,10.1,219,30.4,83
2022-04-17,5.3,10.4,117,29.9,86
2022-04-18,18.1,10.4,317,30.7,88
2022-04-19,7.0,10.3,359,30.7,86
2022-04-20,7.5,11.4,328,30.5,90
2022-04-21,2.2,10.1,351,30.3,87
2022-04-22,1.7,15.4,35,30.9,85
2022-04-23,14.8,7.1,329,30.0,88
2022-04-24,3.6,11.8,63,30.7,85
2022-04-25,19.8,10.9,135,30.3,87
2022-04-26,3.9,6.7,333,30.0,84
2022-04-27,8.8,13.1,20,30.7,85
2022-04-28,8.3,10.9,274,30.9,88
2022-04-29,5.7,9.3,289,31.0,85
2022-04-30,7.7,9.0,301,30.2,88
2022-05-01,7.3,11.4,227,29.5,86
2022-05-02,19.8,15.5,190,30.0,85
2022-05-03,13.7,13.4,197,29.6,84
2022-05-04,12.2,15.5,203,29.7,85
2022-05-05,0.4,13.0,180,29.9,83
2022-05-06,1.6,12.7,174,30.2,84
2022-05-07,12.2,13.2,154,30.0,86
2022-05-08,0.5,16.1,146,30.2,84
2022-05-09,10.5,15.3,108,30.7,82
2022-05-10,1.9,11.8,105,31.1,83
2022-05-11,2.3,11.5,210,29.9,86
2022-05-12,2.3,17.2,279,30.7,82
2022-05-13,6.0,11.8,31,30.6,86
2022-05-14,7.5,12.2,80,30.8,87
2022-05-15,13.0,10.4,76,31.2,86
2022-05-16,6.2,16.2,260,29.8,89
2022-05-17,0.7,11.1,188,30.5,87
2022-05-18,0.2,14.9,148,30.7,84
2022-05-19,17.7,15.7,254,29.2,89
2022-05-20,1.9,12.3,330,30.8,87
2022-05-21,5.0,12.0,176,30.1,86
2022-05-22,6.3,14.0,183,30.8,86
2022-05-23,6.3,10.5,109,31.0,87
2022-05-24,5.8,9.7,114,30.9,87
2022-05-25,11.7,15.6,295,29.7,88
2022-05-26,0.1,9.5,274,30.6,86
2022-05-27,0.0,15.0,276,31.3,82
2022-05-28,10.7,15.8,252,29.9,84
2022-05-29,0.0,12.8,275,30.6,80
2022-05-30,0.4,13.7,321,31.6,85
2022-05-31,5.1,14.4,39,30.8,88
2022-06-01,10.5,13.1,44,31.1,86
2022-06-02,18.7,8.7,206,30.8,85
2022-06-03,8.9,9.7,171,29.6,86
2022-06-04,14.8,7.2,129,29.5,87
2022-06-05,10.7,15.4,153,29.9,87
2022-06-06,14.9,12.6,138,29.5,88
2022-06-07,12.1,12.0,187,28.5,87
2022-06-08,35.0,12.0,330,30.0,90
2022-06-09,22.1,8.0,64,27.9,90
2022-06-10,2.5,8.4,237,30.3,85
2022-06-11,35.8,14.1,270,27.7,91
2022-06-12,13.4,11.6,292,27.5,91
2022-06-13,4.8,8.3,21,30.1,88
2022-06-14,8.0,11.1,184,29.3,86
2022-06-15,10.0,15.2,170,28.4,87
2022-06-16,10.4,8.2,31,27.8,92
2022-06-17,8.4,9.9,149,28.5,86
2022-06-18,11.1,9.5,224,28.5,88
2022-06-19,3.0,13.9,260,29.3,88
2022-06-20,60.1,15.1,245,26.5,92
2022-06-21,18.6,13.4,183,28.2,88
2022-06-22,5.4,13.3,185,28.7,87
2022-06-23,17.7,11.2,184,27.6,88
2022-06-24,24.9,9.9,211,28.7,88
2022-06-25,14.8,11.7,216,27.8,89
2022-06-26,4.9,11.6,151,29.7,86
2022-06-27,8.3,11.2,147,29.6,85
2022-06-28,16.8,13.7,170,29.3,88
2022-06-29,0.9,15.8,221,30.0,83
2022-06-30,6.3,16.6,197,27.8,85
2022-07-01,0.1,19.5,167,30.0,79
2022-07-02,0.4,17.7,173,29.6,80
2022-07-03,0.6,15.7,166,30.0,83
2022-07-04,0.4,10.4,148,30.6,84
2022-07-05,12.7,15.7,146,28.3,89
2022-07-06,2.0,9.9,138,29.7,85
2022-07-07,5.8,12.9,175,29.7,84
2022-07-08,0.2,13.0,187,29.0,85
2022-07-09,0.6,14.1,180,30.1,86
2022-07-10,3.5,14.8,173,29.1,85
2022-07-11,0.6,14.7,161,29.8,83
2022-07-12,2.2,13.3,213,29.5,84
2022-07-13,0.0,8.9,238,29.9,84
2022-07-14,4.5,15.1,145,29.3,87
2022-07-15,8.6,13.8,162,29.6,86
2022-07-16,0.2,18.5,167,30.1,83
2022-07-17,0.2,13.5,129,31.5,83
2022-07-18,1.3,11.9,121,30.8,84
2022-07-19,2.3,14.8,159,30.8,84
2022-07-20,11.3,14.6,235,28.8,88
2022-07-21,11.8,12.8,163,29.8,86
2022-07-22,14.2,9.1,74,28.6,89
2022-07-23,11.1,6.5,322,30.4,90
2022-07-24,3.8,7.6,330,29.7,88
2022-07-25,3.3,10.3,236,29.5,83
2022-07-26,0.6,10.9,178,29.0,85
2022-07-27,8.9,20.7,152,30.2,83
2022-07-28,13.7,11.9,154,28.8,88
2022-07-29,7.7,15.9,183,28.2,86
2022-07-30,3.5,18.6,186,29.1,85
2022-07-31,10.3,13.7,139,29.5,89
2022-08-01,12.3,11.0,149,28.8,88
2022-08-02,18.5,15.7,186,27.3,90
2022-08-03,12.6,14.0,192,27.8,88
2022-08-04,22.6,13.5,282,27.7,90
2022-08-05,1.1,13.0,175,28.2,85
2022-08-06,0.5,14.4,155,29.9,84
2022-08-07,1.3,18.1,165,29.3,85
2022-08-08,8.2,18.1,160,30.4,81
2022-08-09,0.9,15.8,152,30.2,82
2022-08-10,4.0,15.3,156,29.7,82
2022-08-11,0.2,18.1,159,30.7,80
2022-08-12,2.5,12.6,140,30.2,85
2022-08-13,13.4,18.7,175,28.8,87
2022-08-14,10.4,10.4,132,29.3,87
2022-08-15,9.7,12.4,226,28.9,87
2022-08-16,11.1,14.4,183,29.6,86
2022-08-17,11.8,14.6,163,30.1,84
2022-08-18,9.6,15.1,163,28.9,87
2022-08-19,2.2,15.1,163,29.5,82
2022-08-20,34.2,15.3,158,28.8,88
2022-08-21,18.0,15.9,220,28.1,88
2022-08-22,1.9,13.2,169,29.8,82
2022-08-23,19.2,11.2,184,27.7,87
2022-08-24,7.7,14.6,209,28.3,87
2022-08-25,20.1,20.2,163,28.3,86
2022-08-26,27.1,14.4,205,27.9,89
2022-08-27,12.9,11.9,98,29.9,89
2022-08-28,1.3,10.8,264,28.5,89
2022-08-29,32.5,7.9,269,27.8,89
2022-08-30,18.5,12.0,189,28.9,85
2022-08-31,1.2,11.4,151,29.9,84
2022-09-01,8.4,10.3,187,29.3,86
2022-09-02,9.3,12.1,229,28.5,85
2022-09-03,9.5,15.6,212,28.8,85
2022-09-04,2.2,10.2,159,29.4,85
2022-09-05,11.6,13.8,127,29.9,87
2022-09-06,3.5,13.1,135,30.4,84
2022-09-07,25.6,11.3,246,26.9,90
2022-09-08,0.0,9.1,181,29.5,83
2022-09-09,14.2,10.2,126,27.4,89
2022-09-10,7.9,11.7,171,28.8,87
2022-09-11,16.0,12.1,173,29.1,88
2022-09-12,1.4,11.8,236,29.1,86
2022-09-13,10.6,15.8,212,28.5,85
2022-09-14,0.7,18.7,175,28.6,82
2022-09-15,1.2,11.9,195,29.4,83
2022-09-16,1.4,13.0,183,29.9,86
2022-09-17,10.2,18.9,179,28.2,86
2022-09-18,39.0,12.4,252,27.2,91
2022-09-19,1.2,12.8,205,29.0,85
2022-09-20,0.6,9.4,174,28.7,84
2022-09-21,5.7,14.1,177,29.3,86
2022-09-22,10.9,26.1,241,26.5,87
2022-09-23,11.8,11.2,181,29.5,85
2022-09-24,13.6,11.8,204,29.0,86
2022-09-25,15.6,18.1,220,28.0,86
2022-09-26,5.7,15.6,162,29.3,86
2022-09-27,5.3,12.4,190,29.1,85
2022-09-28,1.0,13.3,249,29.6,84
2022-09-29,15.0,10.2,189,29.1,87
2022-09-30,8.6,12.8,128,29.8,88
2022-10-01,26.0,7.8,328,29.2,90
2022-10-02,12.8,7.8,18,29.4,88
2022-10-03,14.3,9.1,6,29.7,90
2022-10-04,5.9,10.2,95,28.9,89
2022-10-05,24.7,10.6,224,26.1,90
2022-10-06,17.1,11.5,59,29.6,89
2022-10-07,39.5,12.1,167,27.9,91
2022-10-08,1.3,15.9,184,28.4,87
2022-10-09,9.0,9.7,314,28.8,87
2022-10-10,5.4,16.1,207,27.5,84
2022-10-11,2.8,11.8,126,30.4,84
2022-10-12,5.4,17.6,280,28.2,86
2022-10-13,0.9,13.6,276,29.7,85
2022-10-14,11.7,15.2,277,29.0,87
2022-10-15,8.0,17.3,274,29.4,84
2022-10-16,15.5,15.1,259,29.2,86
2022-10-17,1.8,10.2,231,29.5,88
2022-10-18,4.3,11.7,226,29.5,86
2022-10-19,16.7,12.5,161,29.5,87
2022-10-20,5.9,9.8,120,30.2,84
2022-10-21,19.0,7.9,88,29.4,88
2022-10-22,12.7,13.3,341,28.9,91
2022-10-23,6.7,15.3,341,29.5,87
2022-10-24,9.0,11.5,331,28.3,90
2022-10-25,34.3,10.8,307,28.5,91
2022-10-26,16.2,13.6,303,27.1,92
2022-10-27,0.1,20.2,295,29.8,85
2022-10-28,5.5,13.8,309,30.2,87
2022-10-29,1.4,13.0,318,29.9,88
2022-10-30,15.0,8.7,306,30.0,89
2022-10-31,7.1,16.0,297,28.1,88
2022-11-01,8.9,9.2,343,29.4,91
2022-11-02,17.7,10.6,300,29.5,89
2022-11-03,3.6,10.4,154,28.0,88
2022-11-04,4.2,14.0,166,30.1,85
2022-11-05,9.2,12.4,213,27.7,90
2022-11-06,22.8,8.0,60,29.0,88
2022-11-07,9.8,8.1,332,29.0,91
2022-11-08,11.7,14.7,3,28.5,92
2022-11-09,14.8,15.6,1,28.0,92
2022-11-10,22.4,10.6,10,28.1,91
2022-11-11,57.4,10.3,340,28.8,92
2022-11-12,20.0,11.2,45,28.8,91
2022-11-13,3.3,9.3,46,28.7,90
2022-11-14,7.8,12.1,289,29.2,88
2022-11-15,0.3,14.8,307,29.6,87
2022-11-16,12.2,11.1,344,30.2,89
2022-11-17,2.6,17.6,321,29.7,86
2022-11-18,5.8,18.2,312,30.2,85
2022-11-19,12.2,15.1,310,28.0,89
2022-11-20,1.7,21.0,287,29.2,85
2022-11-21,0.3,19.2,286,30.5,84
2022-11-22,8.2,18.4,275,30.4,84
2022-11-23,2.5,16.6,264,28.4,87
2022-11-24,8.4,19.7,260,30.4,83
2022-11-25,17.0,13.9,263,28.5,86
2022-11-26,9.8,9.0,22,30.5,87
2022-11-27,15.8,10.6,324,29.3,89
2022-11-28,7.5,9.3,7,29.7,87
2022-11-29,6.8,12.6,358,29.8,88
2022-11-30,13.8,16.5,346,30.3,87
2022-12-01,6.2,15.1,344,29.8,89
2022-12-02,11.8,12.8,319,28.9,90
2022-12-03,10.2,14.0,292,29.3,87
2022-12-04,5.2,12.8,256,28.4,89
2022-12-05,4.7,6.6,14,29.8,90
2022-12-06,2.5,11.5,3,29.2,90
2022-12-07,10.3,12.2,341,29.4,89
2022-12-08,22.7,14.8,343,29.6,91
2022-12-09,16.4,15.5,291,28.3,90
2022-12-10,12.4,9.1,314,28.6,90
2022-12-11,23.0,12.0,186,26.4,92
2022-12-12,17.2,8.9,19,28.2,90
2022-12-13,13.9,17.3,62,29.0,88
2022-12-14,12.2,12.7,35,27.7,91
2022-12-15,9.7,12.4,18,26.2,93
2022-12-16,16.7,11.6,24,29.8,88
2022-12-17,13.4,12.7,10,29.2,90
2022-12-18,17.0,12.1,33,29.1,91
2022-12-19,7.0,12.2,23,26.7,91
2022-12-20,5.1,13.0,1,28.2,90
2022-12-21,11.1,13.3,354,29.6,89
2022-12-22,5.5,17.0,341,27.7,89
2022-12-23,13.4,20.6,8,28.4,90
2022-12-24,1.8,21.1,18,28.9,83
2022-12-25,4.4,17.5,13,29.7,80
2022-12-26,1.8,20.2,15,29.1,82
2022-12-27,2.0,15.0,23,29.5,81
2022-12-28,2.5,14.9,2,29.1,83
2022-12-29,3.6,15.5,7,28.3,85
2022-12-30,1.5,19.0,353,29.7,81
2022-12-31,0.7,22.0,356,30.0,79
2023-01-01,0.1,16.4,7,28.9,82
2023-01-02,1.1,21.1,6,30.3,81
2023-01-03,8.5,16.9,354,29.9,87
2023-01-04,1.1,21.0,357,28.9,84
2023-01-05,4.6,15.5,348,30.0,86
2023-01-06,2.4,15.1,321,29.2,86
2023-01-07,4.6,16.0,331,29.8,87
2023-01-08,0.4,15.9,305,30.2,85
2023-01-09,1.8,8.3,337,29.7,88
2023-01-10,6.9,8.2,62,29.3,88
2023-01-11,6.8,10.8,207,28.5,88
2023-01-12,2.8,9.3,73,30.3,87
2023-01-13,10.7,10.5,17,30.2,88
2023-01-14,6.6,8.1,360,30.0,87
2023-01-15,3.3,13.9,309,28.9,88
2023-01-16,4.4,15.4,10,29.9,87
2023-01-17,0.3,17.6,5,30.6,78
2023-01-18,5.6,18.5,19,28.6,84
2023-01-19,4.6,19.1,2,29.2,84
2023-01-20,7.2,19.0,12,27.6,89
2023-01-21,5.0,17.3,11,29.6,88
2023-01-22,7.9,15.1,15,28.5,89
2023-01-23,15.0,11.5,360,28.7,90
2023-01-24,29.6,13.1,330,24.5,94
2023-01-25,93.4,11.0,341,24.5,94
2023-01-26,10.4,17.6,0,27.6,89
2023-01-27,1.0,18.5,348,29.0,86
2023-01-28,9.6,17.8,345,25.6,91
2023-01-29,9.5,22.6,10,25.3,90
2023-01-30,6.6,24.0,15,26.9,89
2023-01-31,11.3,17.2,9,25.7,93
2023-02-01,2.9,15.7,350,29.1,89
2023-02-02,11.8,16.9,355,29.8,88
2023-02-03,18.8,11.5,358,29.9,88
2023-02-04,20.4,12.0,12,27.2,91
2023-02-05,6.5,14.1,5,29.0,89
2023-02-06,5.9,16.8,324,30.2,85
2023-02-07,0.0,16.7,359,30.7,83
2023-02-08,3.7,17.0,14,29.3,89
2023-02-09,2.8,12.2,11,29.2,88
2023-02-10,4.0,13.6,3,30.0,89
2023-02-11,10.6,18.8,4,29.7,89
2023-02-12,4.5,10.8,1,28.9,90
2023-02-13,6.6,10.5,23,28.8,90
2023-02-14,3.6,13.3,1,28.2,90
2023-02-15,0.6,18.5,25,28.9,86
2023-02-16,0.3,19.5,16,29.5,81
2023-02-17,2.7,16.8,17,29.0,85
2023-02-18,1.0,18.9,18,30.1,84
2023-02-19,1.7,18.5,15,30.2,85
2023-02-20,0.3,18.7,22,29.4,84
2023-02-21,3.2,20.1,22,28.7,84
2023-02-22,2.3,19.7,19,29.5,81
2023-02-23,0.4,20.3,15,29.6,80
2023-02-24,0.0,22.7,19,30.3,77
2023-02-25,0.8,20.9,19,29.7,81
2023-02-26,0.8,27.7,21,29.0,79
2023-02-27,5.5,24.2,12,29.0,83
2023-02-28,56.1,14.4,355,26.3,92
2023-03-01,69.7,18.0,352,24.3,94
2023-03-02,33.8,17.1,6,28.4,92
2023-03-03,33.2,17.4,353,26.4,93
2023-03-04,13.7,25.8,354,25.1,92
2023-03-05,10.4,18.0,349,26.4,92
2023-03-06,0.6,19.4,10,28.4,86
2023-03-07,13.5,18.4,21,28.3,87
2023-03-08,10.1,15.2,18,28.6,88
2023-03-09,4.2,18.5,32,29.1,85
2023-03-10,6.6,16.4,33,28.5,87
2023-03-11,6.3,16.5,36,28.5,87
2023-03-12,1.8,14.1,34,30.1,85
2023-03-13,0.0,23.4,28,29.0,81
2023-03-14,1.3,20.2,26,28.8,81
2023-03-15,1.3,17.4,32,28.6,81
2023-03-16,0.5,18.7,30,30.0,81
2023-03-17,2.7,17.1,33,29.8,82
2023-03-18,1.5,18.2,37,30.1,83
2023-03-19,1.8,15.8,38,29.6,84
2023-03-20,8.2,13.2,36,28.8,88
2023-03-21,0.8,8.4,63,30.6,86
2023-03-22,4.9,9.2,33,30.4,87
2023-03-23,2.0,9.7,33,30.8,88
2023-03-24,5.9,10.2,16,30.5,88
2023-03-25,15.6,11.3,353,29.7,89
2023-03-26,3.2,9.8,283,30.6,86
2023-03-27,7.2,14.6,76,28.4,89
2023-03-28,4.0,11.4,44,31.0,84
2023-03-29,2.2,12.1,19,30.1,86
2023-03-30,5.9,14.0,7,30.3,87
2023-03-31,7.9,8.7,11,30.8,86
2023-04-01,14.6,9.7,51,30.7,84
2023-04-02,6.5,8.5,306,29.7,86
2023-04-03,13.4,10.2,320,27.2,90
2023-04-04,4.0,15.4,297,30.9,85
2023-04-05,16.8,14.8,305,29.3,89
2023-04-06,0.9,13.5,280,29.7,86
2023-04-07,12.1,11.6,320,29.6,86
2023-04-08,1.8,15.3,355,30.1,86
2023-04-09,1.9,12.5,18,30.1,84
2023-04-10,1.4,8.2,349,31.1,83
2023-04-11,0.3,11.5,14,32.3,80
2023-04-12,1.9,10.2,353,31.9,83
2023-04-13,7.7,9.7,321,30.7,85
2023-04-14,8.0,9.9,344,31.0,86
2023-04-15,4.6,14.0,259,30.4,85
2023-04-16,12.1,13.5,258,31.3,84
2023-04-17,8.2,10.5,288,31.2,85
2023-04-18,8.3,10.2,126,31.6,85
2023-04-19,11.1,8.7,162,30.2,86
2023-04-20,12.2,11.9,259,29.8,87
2023-04-21,1.9,12.1,206,29.8,86
2023-04-22,4.1,8.9,124,31.1,85
2023-04-23,3.4,12.1,130,30.8,82
2023-04-24,2.4,12.6,101,31.3,80
2023-04-25,3.8,9.4,17,31.3,86
2023-04-26,6.2,8.9,33,31.4,85
2023-04-27,5.3,11.2,51,31.2,84
2023-04-28,2.3,10.8,355,31.0,87
2023-04-29,10.1,8.0,320,30.8,88
2023-04-30,11.2,12.9,353,30.6,88
2023-05-01,1.1,9.2,35,31.3,84
2023-05-02,2.7,12.3,66,31.3,82
2023-05-03,14.0,9.6,25,32.1,86
2023-05-04,12.8,11.1,48,31.1,85
2023-05-05,10.6,14.6,303,31.4,86
2023-05-06,8.1,11.5,234,30.5,85
2023-05-07,13.6,19.4,223,29.3,84
2023-05-08,0.9,16.6,188,31.0,78
2023-05-09,0.0,10.6,171,30.9,80
2023-05-10,0.9,11.2,127,31.8,81
2023-05-11,5.4,12.0,93,31.8,83
2023-05-12,0.2,11.9,99,31.8,80
2023-05-13,0.2,9.3,123,32.6,77
2023-05-14,0.0,10.0,128,32.6,78
2023-05-15,2.1,11.3,134,31.8,80
2023-05-16,9.5,14.8,172,30.1,86
2023-05-17,10.2,8.7,155,31.1,85
2023-05-18,6.2,12.9,249,30.1,85
2023-05-19,20.0,12.9,263,29.9,86
2023-05-20,8.0,13.7,210,29.4,87
2023-05-21,4.3,15.1,200,28.6,87
2023-05-22,2.8,11.9,211,30.5,85
2023-05-23,5.0,10.9,242,30.1,85
2023-05-24,0.9,12.9,197,30.6,81
2023-05-25,3.0,13.8,167,30.4,83
2023-05-26,33.3,10.9,169,29.3,88
2023-05-27,3.8,16.3,209,30.0,86
2023-05-28,6.3,14.1,201,29.3,87
2023-05-29,5.7,12.8,206,30.7,81
2023-05-30,1.9,15.1,182,30.4,85
2023-05-31,5.0,13.8,180,30.4,83
2023-06-01,72.9,11.4,198,28.0,89
2023-06-02,6.0,12.6,160,30.3,84
2023-06-03,2.5,16.2,159,30.7,86
2023-06-04,20.1,15.8,234,29.5,88
2023-06-05,0.0,11.9,199,30.5,83
2023-06-06,4.6,11.7,175,29.2,86
2023-06-07,7.6,15.2,174,29.5,86
2023-06-08,0.4,16.0,155,30.3,84
2023-06-09,14.3,13.5,154,30.5,87
2023-06-10,7.4,16.4,164,30.2,83
2023-06-11,0.3,15.3,146,31.2,80
2023-06-12,10.9,21.1,157,30.5,83
2023-06-13,3.6,14.5,171,30.1,86
2023-06-14,16.2,9.3,174,29.9,87
2023-06-15,0.8,9.0,150,29.2,88
2023-06-16,0.2,14.9,160,31.2,83
2023-06-17,0.5,13.6,163,31.4,80
2023-06-18,21.6,17.1,217,29.2,87
2023-06-19,0.2,10.8,51,31.9,81
2023-06-20,5.7,10.1,123,30.8,84
2023-06-21,1.4,17.7,149,30.2,81
2023-06-22,0.8,12.5,122,31.7,77
2023-06-23,5.6,11.2,147,30.4,84
2023-06-24,2.9,11.9,238,28.9,87
2023-06-25,0.4,9.9,240,30.9,82
2023-06-26,4.9,11.9,239,29.7,85
2023-06-27,2.4,14.5,217,29.7,84
2023-06-28,12.4,13.7,197,29.2,87
2023-06-29,7.9,15.9,183,29.9,85
2023-06-30,13.8,11.3,186,29.5,89
2023-07-01,5.7,14.4,212,29.7,87
2023-07-02,1.7,15.8,156,30.0,83
2023-07-03,18.6,10.5,125,30.0,89
2023-07-04,2.6,10.5,81,31.4,87
2023-07-05,10.3,9.8,321,31.8,89
2023-07-06,14.2,6.7,349,28.4,91
2023-07-07,13.9,10.5,162,29.8,87
2023-07-08,17.2,15.2,168,30.2,90
2023-07-09,7.1,9.8,146,30.5,89
2023-07-10,11.7,10.8,197,29.3,89
2023-07-11,42.6,11.1,331,26.6,96
2023-07-12,6.9,10.7,177,30.2,88
2023-07-13,1.5,11.6,171,30.9,84
2023-07-14,31.5,15.2,263,27.0,94
2023-07-15,0.3,12.9,234,30.1,87
2023-07-16,1.0,14.7,195,30.4,84
2023-07-17,11.6,16.2,168,29.9,88
2023-07-18,19.2,17.4,157,30.1,89
2023-07-19,28.2,12.2,187,28.9,90
2023-07-20,38.5,12.5,226,27.3,94
2023-07-21,7.5,17.2,181,29.8,86
2023-07-22,1.3,17.4,160,30.7,85
2023-07-23,4.2,14.8,165,30.5,84
2023-07-24,0.9,14.2,178,30.7,83
2023-07-25,0.8,17.2,176,30.9,81
2023-07-26,5.6,19.1,163,29.9,84
2023-07-27,2.0,18.1,170,30.5,84
2023-07-28,0.9,18.1,163,30.6,83
2023-07-29,5.5,20.2,163,30.7,81
2023-07-30,0.2,20.5,156,31.2,76
2023-07-31,0.4,18.6,148,31.3,70
2023-08-01,8.8,12.8,157,31.0,79
2023-08-02,3.4,14.9,187,30.7,83
2023-08-03,17.0,17.9,157,27.3,91
2023-08-04,17.7,17.2,156,31.3,86
2023-08-05,5.7,18.0,158,30.1,85
2023-08-06,0.0,14.8,167,31.3,80
2023-08-07,3.7,18.4,151,30.2,83
2023-08-08,20.6,14.7,149,30.1,85
2023-08-09,8.9,15.4,144,30.3,86
2023-08-10,0.8,12.6,171,30.6,83
2023-08-11,3.1,16.2,174,30.6,84
2023-08-12,14.9,14.3,147,30.1,83
2023-08-13,4.9,14.0,154,30.4,84
2023-08-14,38.7,17.5,169,29.9,85
2023-08-15,7.3,9.9,140,29.7,88
2023-08-16,26.4,13.0,144,29.8,87
2023-08-17,11.7,9.2,150,30.2,89
2023-08-18,21.6,11.2,199,29.4,90
2023-08-19,14.0,15.3,157,30.0,90
2023-08-20,16.4,15.9,177,29.4,87
2023-08-21,71.3,16.0,255,27.2,94
2023-08-22,0.3,19.0,148,31.1,82
2023-08-23,2.9,14.5,147,30.4,83
2023-08-24,6.7,12.9,140,30.3,85
2023-08-25,14.5,15.0,130,29.9,86
2023-08-26,15.0,13.2,159,29.8,87
2023-08-27,5.4,12.7,183,30.5,87
2023-08-28,10.8,16.3,188,29.7,87
2023-08-29,9.8,15.9,183,29.1,88
2023-08-30,2.8,13.0,173,29.6,88
2023-08-31,0.1,18.6,162,30.9,79
2023-09-01,0.3,19.9,163,31.0,79
2023-09-02,0.2,15.5,160,31.4,81
2023-09-03,0.4,17.2,151,31.6,77
2023-09-04,3.5,20.9,145,30.7,74
2023-09-05,9.5,14.6,143,30.3,79
2023-09-06,38.4,11.0,177,29.9,91
2023-09-07,1.5,11.7,165,30.9,87
2023-09-08,31.2,11.8,131,30.0,87
2023-09-09,10.1,14.0,182,30.0,88
2023-09-10,13.6,16.9,184,29.5,88
2023-09-11,1.9,18.4,143,30.4,82
2023-09-12,3.2,18.7,147,30.4,84
2023-09-13,2.9,15.5,151,31.1,82
2023-09-14,0.0,18.9,150,31.6,77
2023-09-15,0.7,21.6,150,31.6,78
2023-09-16,6.1,16.3,147,31.2,79
2023-09-17,4.2,12.1,135,30.8,83
2023-09-18,6.2,13.0,114,30.1,87
2023-09-19,18.8,10.7,73,30.5,86
2023-09-20,11.2,10.2,88,30.8,88
2023-09-21,7.5,14.4,239,30.1,91
2023-09-22,12.7,11.6,251,29.7,92
2023-09-23,10.7,9.8,160,30.5,90
2023-09-24,25.7,15.8,204,27.8,93
2023-09-25,1.0,15.6,175,30.3,83
2023-09-26,2.1,20.2,159,30.3,83
2023-09-27,0.0,19.6,153,31.4,79
2023-09-28,2.2,16.3,150,31.3,80
2023-09-29,0.9,15.9,138,32.0,83
2023-09-30,1.3,11.4,168,31.1,85
2023-10-01,6.7,10.1,136,31.0,84
2023-10-02,3.1,19.2,155,31.4,82
2023-10-03,25.1,13.9,158,30.5,86
2023-10-04,1.6,13.0,146,31.2,85
2023-10-05,0.8,13.8,135,32.4,81
2023-10-06,5.4,13.0,157,31.1,86
2023-10-07,6.2,15.8,148,31.4,82
2023-10-08,3.2,14.0,107,31.3,83
2023-10-09,17.3,10.1,20,32.6,86
2023-10-10,0.4,10.5,213,32.3,85
2023-10-11,16.4,10.7,99,31.4,88
2023-10-12,0.3,12.7,98,33.1,81
2023-10-13,0.0,11.8,132,33.2,80
2023-10-14,0.5,15.8,172,32.3,79
2023-10-15,2.3,17.0,180,31.2,80
2023-10-16,7.3,13.2,173,31.6,81
2023-10-17,0.1,18.6,166,32.1,81
2023-10-18,9.3,16.6,112,32.2,85
2023-10-19,11.3,10.9,39,32.0,89
2023-10-20,16.4,9.4,157,30.5,90
2023-10-21,17.4,10.7,303,30.4,91
2023-10-22,27.5,8.3,353,31.3,91
2023-10-23,11.4,8.0,337,30.6,91
2023-10-24,29.0,10.2,358,31.7,89
2023-10-25,2.8,8.8,279,30.9,87
2023-10-26,1.8,16.5,179,31.0,86
2023-10-27,8.5,10.3,28,31.1,87
2023-10-28,12.3,13.3,56,29.0,90
2023-10-29,3.0,9.7,57,31.8,86
2023-10-30,5.2,9.5,325,32.7,87
2023-10-31,12.4,14.7,5,32.0,90
2023-11-01,17.2,15.6,319,31.6,90
2023-11-02,12.5,9.2,351,31.8,88
2023-11-03,1.3,10.4,340,32.0,84
2023-11-04,14.8,9.5,51,31.0,87
2023-11-05,7.1,9.6,314,31.4,88
2023-11-06,29.1,11.3,343,31.5,91
2023-11-07,36.0,8.8,336,30.2,91
2023-11-08,0.2,10.2,347,29.9,90
2023-11-09,10.3,8.4,301,31.0,87
2023-11-10,8.5,12.1,316,31.5,89
2023-11-11,7.4,12.2,311,31.0,87
2023-11-12,2.7,9.7,326,30.9,87
2023-11-13,16.8,9.7,51,31.7,86
2023-11-14,10.6,15.2,306,29.7,94
2023-11-15,9.0,13.5,322,31.5,89
2023-11-16,28.1,15.8,2,31.3,91
2023-11-17,12.1,11.4,16,30.8,91
2023-11-18,9.9,13.5,15,31.6,88
2023-11-19,3.5,22.0,358,28.7,91
2023-11-20,10.5,10.8,349,30.7,91
2023-11-21,12.7,10.2,311,30.5,92
2023-11-22,10.2,14.3,304,29.7,93
2023-11-23,24.6,10.0,312,30.2,90
2023-11-24,8.1,13.5,351,29.8,90
2023-11-25,4.0,8.0,325,30.7,91
2023-11-26,30.4,8.2,332,30.7,92
2023-11-27,3.3,10.0,339,29.1,92
2023-11-28,2.9,14.8,3,30.2,91
2023-11-29,35.9,10.5,3,29.8,93
2023-11-30,35.1,12.0,3,30.7,91
2023-12-01,10.6,13.2,22,28.3,94
2023-12-02,13.7,12.3,349,30.5,91
2023-12-03,5.0,11.0,284,30.6,88
2023-12-04,2.2,8.2,330,29.7,89
2023-12-05,20.1,12.4,32,30.9,90
2023-12-06,13.2,13.1,342,29.1,92
2023-12-07,12.1,13.6,329,30.2,92
2023-12-08,7.6,15.2,4,30.6,89
2023-12-09,9.7,13.4,356,28.8,91
2023-12-10,1.8,15.2,356,29.7,89
2023-12-11,16.2,13.4,0,29.4,92
2023-12-12,9.6,9.8,342,29.0,93
2023-12-13,11.4,12.3,356,30.8,92
2023-12-14,27.2,10.3,346,30.4,93
2023-12-15,13.5,9.4,10,30.9,92
2023-12-16,9.6,13.2,10,30.6,90
2023-12-17,17.7,17.1,13,30.7,90
2023-12-18,18.6,15.3,5,30.1,91
2023-12-19,14.0,12.8,1,30.0,92
2023-12-20,10.5,14.8,356,29.9,91
2023-12-21,19.9,17.1,358,29.1,91
2023-12-22,5.1,23.3,8,28.9,87
2023-12-23,14.7,17.0,331,29.1,87
2023-12-24,10.0,12.0,13,30.6,91
2023-12-25,5.0,15.0,17,29.4,89
2023-12-26,10.9,15.3,12,28.9,91
2023-12-27,10.5,17.6,19,27.1,93
2023-12-28,14.5,12.5,42,30.1,91
2023-12-29,19.0,15.0,32,30.1,92
2023-12-30,28.2,13.7,13,30.0,92
2023-12-31,25.2,15.5,10,28.7,92
2024-01-01,12.5,14.7,12,29.0,92
2024-01-02,25.8,15.8,13,29.8,91
2024-01-03,25.6,13.3,345,29.5,92
2024-01-04,16.2,16.0,4,27.5,92
2024-01-05,19.2,19.7,24,28.4,91
2024-01-06,34.8,13.6,14,28.8,91
2024-01-07,39.3,12.3,1,25.8,96
2024-01-08,4.9,17.8,27,30.0,90
2024-01-09,55.5,8.3,15,29.0,94
2024-01-10,18.6,15.7,22,28.1,93
2024-01-11,3.1,14.8,18,30.1,88
2024-01-12,29.3,14.4,19,27.8,92
2024-01-13,7.8,15.4,3,29.8,90
2024-01-14,7.6,18.3,5,29.7,88
2024-01-15,18.0,17.0,10,29.3,90
2024-01-16,16.6,16.9,11,28.8,92
2024-01-17,15.9,20.4,22,28.4,91
2024-01-18,20.5,18.8,4,29.0,91
2024-01-19,13.2,17.0,360,28.5,90
2024-01-20,40.7,10.6,324,26.4,95
2024-01-21,5.1,12.2,353,30.7,88
2024-01-22,2.2,11.2,352,31.2,85
2024-01-23,16.4,11.2,15,30.0,91
2024-01-24,38.9,11.2,23,29.1,92
2024-01-25,31.0,12.9,24,29.2,92
2024-01-26,24.0,20.6,26,30.1,88
2024-01-27,2.6,22.3,27,29.9,85
2024-01-28,2.7,21.0,25,29.7,86
2024-01-29,3.5,17.7,26,29.7,85
2024-01-30,3.0,16.1,16,29.9,85
2024-01-31,4.6,15.9,20,30.4,86
2024-02-01,10.4,16.1,28,29.7,87
2024-02-02,9.2,14.7,8,30.2,88
2024-02-03,7.6,14.8,357,31.3,88
2024-02-04,0.3,15.7,351,32.0,84
2024-02-05,2.8,15.7,11,31.3,86
2024-02-06,5.4,17.5,357,32.1,86
2024-02-07,6.6,15.0,15,30.7,88
2024-02-08,3.2,9.8,359,31.1,89
2024-02-09,10.0,14.2,15,31.0,88
2024-02-10,14.6,20.0,23,31.2,84
2024-02-11,0.8,24.2,22,30.8,81
2024-02-12,21.9,20.8,23,27.2,86
2024-02-13,15.1,23.2,26,28.9,87
2024-02-14,0.8,22.5,34,30.6,84
2024-02-15,20.2,20.3,31,29.3,86
2024-02-16,4.5,23.0,27,29.4,85
2024-02-17,2.6,19.0,25,29.5,86
2024-02-18,3.2,13.8,35,31.0,83
2024-02-19,10.3,14.6,35,30.8,84
2024-02-20,3.9,12.9,26,31.3,86
2024-02-21,3.0,10.2,356,31.4,88
2024-02-22,2.9,8.9,20,31.5,88
2024-02-23,7.6,14.6,25,31.1,85
2024-02-24,1.1,14.5,21,31.5,83
2024-02-25,0.5,16.0,26,31.7,81
2024-02-26,0.4,21.2,37,31.1,81
2024-02-27,10.5,16.5,25,28.4,85
2024-02-28,0.0,20.5,28,31.8,76
2024-02-29,0.4,18.4,24,32.3,77
2024-03-01,12.9,16.2,24,31.9,83
2024-03-02,4.3,20.5,19,31.8,85
2024-03-03,19.1,18.1,31,30.2,90
2024-03-04,11.2,13.4,46,30.7,88
2024-03-05,23.0,11.7,44,30.5,91
2024-03-06,2.3,7.7,5,31.1,89
2024-03-07,45.7,10.0,20,31.0,90
2024-03-08,23.0,14.2,303,29.7,92
2024-03-09,0.1,11.9,36,31.4,83
2024-03-10,8.9,15.0,8,30.0,87
2024-03-11,0.0,15.7,6,31.5,78
2024-03-12,1.1,16.1,5,30.7,83
2024-03-13,0.1,16.6,11,31.6,80
2024-03-14,0.0,16.2,17,32.2,82
2024-03-15,0.1,14.8,13,31.6,82
2024-03-16,0.0,12.7,21,32.2,81
2024-03-17,0.8,15.5,15,31.8,81
2024-03-18,1.6,14.4,26,32.0,81
2024-03-19,1.4,14.9,26,32.2,80
2024-03-20,12.4,19.3,26,31.8,82
2024-03-21,8.8,17.8,30,30.7,81
2024-03-22,1.5,15.2,32,31.6,79
2024-03-23,2.3,11.0,48,33.4,77
2024-03-24,4.5,13.8,60,34.2,78
2024-03-25,1.9,11.9,49,33.7,78
2024-03-26,0.1,16.4,46,33.9,77
2024-03-27,1.3,13.0,37,33.2,79
2024-03-28,2.4,14.0,63,33.8,79
2024-03-29,4.0,16.1,92,32.9,79
2024-03-30,34.2,17.3,80,32.0,81
2024-03-31,13.8,10.0,85,33.2,84
2024-04-01,22.5,10.9,31,31.8,87
2024-04-02,5.1,9.4,251,31.7,87
2024-04-03,5.9,10.1,28,32.2,88
2024-04-04,9.7,13.1,347,31.8,89
2024-04-05,6.1,9.3,356,32.5,85
2024-04-06,0.4,10.2,24,33.2,81
2024-04-07,5.5,9.7,39,32.8,84
2024-04-08,20.5,11.8,358,31.9,88
2024-04-09,3.2,11.5,339,32.3,86
2024-04-10,15.0,12.2,11,29.6,92
2024-04-11,4.7,17.2,48,30.5,87
2024-04-12,29.7,12.8,24,26.2,95
2024-04-13,21.3,13.3,28,31.0,89
2024-04-14,20.2,9.7,29,29.8,91
2024-04-15,4.5,10.8,53,29.5,92
2024-04-16,21.8,8.4,52,30.2,92
2024-04-17,19.3,10.9,298,30.2,93
2024-04-18,13.8,8.3,357,30.6,91
2024-04-19,16.1,6.9,332,31.0,92
2024-04-20,16.0,10.2,315,30.3,93
2024-04-21,14.5,10.0,307,31.4,90
2024-04-22,7.3,10.9,302,31.5,90
2024-04-23,7.3,10.1,300,32.3,88
2024-04-24,9.1,12.6,174,31.2,88
2024-04-25,6.5,8.7,54,31.7,89
2024-04-26,5.7,14.2,8,32.6,88
2024-04-27,9.6,9.9,274,31.7,89
2024-04-28,6.9,15.2,192,31.0,89
2024-04-29,0.7,10.9,92,31.8,85
2024-04-30,1.1,13.3,137,31.6,87
2024-05-01,22.9,13.7,94,31.6,90
2024-05-02,12.2,11.5,170,31.1,90
2024-05-03,9.6,9.7,120,32.2,88
2024-05-04,76.0,11.5,303,27.0,97
2024-05-05,4.5,14.1,193,30.6,85
2024-05-06,1.6,12.9,119,32.3,84
2024-05-07,27.3,10.8,187,30.0,90
2024-05-08,2.7,8.9,203,30.5,89
2024-05-09,0.1,10.9,140,32.1,81
2024-05-10,9.7,13.9,140,30.8,86
2024-05-11,3.6,14.1,99,32.4,85
2024-05-12,9.0,8.6,147,31.7,87
2024-05-13,6.6,11.8,350,32.4,86
2024-05-14,7.8,13.3,310,33.1,84
2024-05-15,0.6,9.9,162,32.1,85
2024-05-16,24.7,14.6,150,30.4,91
2024-05-17,6.2,13.0,178,30.8,88
2024-05-18,17.5,16.6,132,30.9,90
2024-05-19,22.4,13.0,155,30.0,89
2024-05-20,10.6,10.7,149,30.1,90
2024-05-21,14.8,13.1,156,30.5,90
2024-05-22,33.9,11.4,149,30.8,91
2024-05-23,22.5,9.2,336,30.7,91
2024-05-24,4.0,9.2,349,29.9,92
2024-05-25,7.9,10.8,67,30.3,92
2024-05-26,2.0,9.8,154,31.1,89
2024-05-27,15.2,13.4,154,30.5,89
2024-05-28,24.2,17.0,150,31.5,88
2024-05-29,15.5,14.6,149,31.6,88
2024-05-30,3.2,16.6,177,30.9,87
2024-05-31,11.9,12.0,159,29.7,90
2024-06-01,33.1,14.2,224,27.9,92
2024-06-02,10.8,10.4,224,29.7,87
2024-06-03,26.6,14.8,326,30.4,93
2024-06-04,12.9,9.8,164,30.5,89
2024-06-05,3.0,11.2,187,31.3,85
2024-06-06,3.4,9.7,103,31.2,86
2024-06-07,7.9,7.7,205,30.9,89
2024-06-08,30.9,9.3,159,30.0,89
2024-06-09,2.4,9.4,189,30.5,87
2024-06-10,8.3,10.0,192,30.6,87
2024-06-11,1.2,7.5,133,32.0,83
2024-06-12,15.0,9.0,200,30.2,90
2024-06-13,10.3,9.1,97,31.7,88
2024-06-14,8.3,10.5,305,30.7,91
2024-06-15,3.3,11.4,240,30.6,89
2024-06-16,0.3,11.7,170,30.1,87
2024-06-17,8.5,17.3,269,30.3,89
2024-06-18,19.9,13.0,234,29.3,91
2024-06-19,1.6,15.1,191,29.6,88
2024-06-20,5.1,12.2,205,30.3,87
2024-06-21,12.7,13.7,241,27.2,90
2024-06-22,23.8,17.1,215,26.9,89
2024-06-23,1.6,15.6,164,29.7,84
2024-06-24,2.6,14.8,165,30.4,83
2024-06-25,0.4,12.5,131,31.3,83
2024-06-26,5.7,13.4,107,31.4,84
2024-06-27,24.2,12.5,51,30.5,92
2024-06-28,4.6,8.4,52,31.1,87
2024-06-29,13.3,11.5,184,30.0,89
2024-06-30,31.1,13.4,233,27.7,90
2024-07-01,0.2,9.7,26,29.7,88
2024-07-02,7.5,11.2,164,29.9,89
2024-07-03,12.9,14.8,149,29.9,86
2024-07-04,0.3,15.9,164,31.3,81
2024-07-05,11.6,7.9,210,30.5,89
2024-07-06,0.7,9.0,292,30.7,88
2024-07-07,13.8,7.8,199,29.9,88
2024-07-08,12.7,12.2,218,28.4,91
2024-07-09,6.1,12.4,147,29.5,87
2024-07-10,9.4,14.3,218,29.3,90
2024-07-11,2.0,19.6,188,30.1,84
2024-07-12,5.2,10.4,134,29.3,84
2024-07-13,3.3,16.7,159,29.8,86
2024-07-14,4.0,15.2,176,30.6,81
2024-07-15,0.8,17.0,164,30.3,79
2024-07-16,0.7,17.0,166,30.4,79
2024-07-17,0.8,18.1,160,29.9,82
2024-07-18,0.3,20.2,159,30.8,81
2024-07-19,1.5,16.6,157,29.4,82
2024-07-20,0.3,20.7,159,30.6,82
2024-07-21,1.3,20.9,159,30.5,80
2024-07-22,0.5,16.9,151,30.7,81
2024-07-23,6.2,15.6,158,31.2,83
2024-07-24,1.4,18.4,162,30.9,81
2024-07-25,0.5,19.9,156,31.0,78
2024-07-26,0.5,21.3,157,31.3,77
2024-07-27,0.2,20.6,154,31.7,76
2024-07-28,0.2,20.7,153,31.9,75
2024-07-29,7.7,15.1,140,31.6,78
2024-07-30,6.1,14.3,142,31.9,79
2024-07-31,16.4,15.8,143,30.3,83
2024-08-01,1.2,17.3,161,31.2,86
2024-08-02,8.8,16.5,114,30.5,84
2024-08-03,14.2,14.3,147,30.6,83
2024-08-04,16.6,18.3,191,30.1,87
2024-08-05,12.7,13.6,145,30.3,84
2024-08-06,4.6,15.3,151,30.3,79
2024-08-07,3.1,18.7,146,30.4,81
2024-08-08,1.4,13.6,144,31.5,79
2024-08-09,6.3,18.4,129,29.3,84
2024-08-10,12.1,13.9,186,28.9,90
2024-08-11,5.3,12.1,169,28.6,89
2024-08-12,17.1,12.7,156,29.7,84
2024-08-13,1.7,19.8,135,30.6,80
2024-08-14,26.9,16.8,135,28.6,88
2024-08-15,21.3,14.8,134,29.7,89
2024-08-16,17.8,15.0,148,29.0,86
2024-08-17,9.3,15.8,122,30.3,85
2024-08-18,5.6,13.5,125,30.1,85
2024-08-19,16.1,12.5,135,30.8,87
2024-08-20,17.7,13.7,208,29.8,90
2024-08-21,1.5,12.5,117,30.3,85
2024-08-22,2.3,11.2,139,30.9,85
2024-08-23,14.7,11.6,144,30.5,87
2024-08-24,15.5,13.2,252,27.9,91
2024-08-25,6.3,13.7,204,28.8,88
2024-08-26,1.8,13.6,221,30.1,84
2024-08-27,7.0,15.4,239,29.4,88
2024-08-28,3.3,13.5,229,30.4,84
2024-08-29,0.0,17.1,154,30.1,84
2024-08-30,0.1,17.6,151,30.3,82
2024-08-31,4.0,13.0,154,31.2,85
2024-09-01,3.7,11.4,166,31.0,87
2024-09-02,3.5,15.5,155,30.8,83
2024-09-03,10.6,14.0,156,30.2,89
2024-09-04,7.0,15.1,175,28.9,89
2024-09-05,0.2,14.4,199,30.9,85
2024-09-06,10.9,13.7,154,30.1,85
2024-09-07,3.6,21.3,144,31.1,78
2024-09-08,3.9,11.3,167,30.5,83
2024-09-09,36.0,11.9,178,30.1,89
2024-09-10,5.6,12.8,226,29.2,87
2024-09-11,11.2,10.5,200,30.8,87
2024-09-12,21.1,15.1,225,29.4,88
2024-09-13,1.5,14.2,206,30.2,84
2024-09-14,7.1,18.3,182,29.7,86
2024-09-15,11.3,16.6,185,29.1,87
2024-09-16,1.3,14.2,214,30.4,85
2024-09-17,12.3,20.6,236,30.2,84
2024-09-18,1.5,19.6,217,31.0,82
2024-09-19,1.5,15.8,191,30.2,83
2024-09-20,1.8,15.5,162,30.7,83
2024-09-21,0.5,10.2,177,29.1,89
2024-09-22,0.0,10.1,128,32.3,82
2024-09-23,9.4,11.7,88,31.6,84
2024-09-24,25.3,13.0,333,32.1,90
2024-09-25,8.1,10.5,16,30.8,90
2024-09-26,12.0,16.2,264,27.0,89
2024-09-27,0.3,13.9,122,30.7,84
2024-09-28,3.3,19.9,95,31.4,87
2024-09-29,24.2,10.6,151,29.9,91
2024-09-30,12.5,9.5,186,30.2,88
2024-10-01,6.0,12.1,237,29.6,89
2024-10-02,11.9,12.6,144,29.7,89
2024-10-03,26.1,11.2,69,30.3,89
2024-10-04,33.4,12.0,288,30.0,92
2024-10-05,17.5,12.0,276,29.7,91
2024-10-06,18.4,14.0,246,29.3,89
2024-10-07,0.0,13.9,163,30.7,86
2024-10-08,23.7,14.5,142,29.3,88
2024-10-09,12.0,14.1,122,30.1,90
2024-10-10,14.3,12.4,127,29.1,89
2024-10-11,12.1,11.2,249,31.3,86
2024-10-12,7.2,9.3,297,30.3,91
2024-10-13,11.8,12.4,286,30.6,89
2024-10-14,20.0,10.1,277,28.1,92
2024-10-15,7.4,14.0,254,29.6,87
2024-10-16,1.7,11.4,259,29.9,87
2024-10-17,11.8,16.4,153,29.9,89
2024-10-18,13.8,8.5,296,30.4,90
2024-10-19,6.0,9.7,59,31.1,89
2024-10-20,7.7,9.9,282,29.7,88
2024-10-21,0.0,9.6,54,32.6,81
2024-10-22,0.7,7.4,106,31.7,86
2024-10-23,4.2,10.4,257,31.6,86
2024-10-24,2.5,10.5,21,31.8,85
2024-10-25,3.3,13.9,269,30.8,88
2024-10-26,0.0,16.0,259,31.9,83
2024-10-27,0.4,17.5,259,31.8,84
2024-10-28,4.0,17.0,239,30.9,86
2024-10-29,15.1,13.0,243,31.4,88
2024-10-30,1.4,12.4,255,31.9,86
2024-10-31,12.4,12.8,274,30.4,88
2024-11-01,10.8,13.0,306,31.4,87
2024-11-02,35.8,15.7,299,29.1,90
2024-11-03,12.2,11.5,284,31.3,87
2024-11-04,19.3,12.3,268,29.7,90
2024-11-05,1.8,11.7,265,30.5,86
2024-11-06,16.5,12.6,314,30.0,90
2024-11-07,20.6,11.7,313,30.2,90
2024-11-08,7.0,10.8,283,30.3,88
2024-11-09,15.7,8.8,353,30.8,90
2024-11-10,25.0,10.1,306,30.4,91
2024-11-11,15.0,9.5,2,30.8,90
2024-11-12,20.9,11.1,342,30.6,90
2024-11-13,11.6,8.1,16,31.8,89
2024-11-14,8.6,5.7,24,32.4,88
2024-11-15,14.8,7.4,14,32.1,89
2024-11-16,19.1,8.1,354,29.9,91
2024-11-17,4.8,9.5,357,31.8,90
2024-11-18,6.1,15.7,19,30.0,92
2024-11-19,33.7,8.4,19,26.3,97
2024-11-20,6.7,13.9,23,29.2,93
2024-11-21,26.7,9.1,2,31.2,92
2024-11-22,16.0,10.8,355,29.5,92
2024-11-23,24.3,8.5,4,31.8,90
2024-11-24,13.5,9.4,22,30.8,90
2024-11-25,16.1,7.9,19,31.9,89
2024-11-26,33.6,11.4,20,31.4,91
2024-11-27,39.0,11.7,321,27.0,97
2024-11-28,46.0,7.4,55,30.0,94
2024-11-29,14.9,8.9,318,26.2,98
2024-11-30,0.6,7.3,317,31.5,83
2024-12-01,10.8,12.2,325,30.3,89
2024-12-02,44.9,8.7,357,30.1,91
2024-12-03,8.3,6.4,338,30.6,91
2024-12-04,1.1,9.2,294,29.8,86
2024-12-05,0.3,18.3,301,31.7,78
2024-12-06,0.2,12.1,330,33.5,77
2024-12-07,0.3,13.9,341,33.2,78
2024-12-08,7.4,16.2,357,32.5,83
2024-12-09,6.1,18.2,325,29.4,87
2024-12-10,7.6,16.7,318,29.6,85
2024-12-11,7.5,9.8,315,31.3,83
2024-12-12,32.5,13.0,294,32.4,87
2024-12-13,3.3,11.7,275,30.3,87
2024-12-14,7.4,11.9,313,31.9,85
2024-12-15,0.9,7.4,3,32.3,82
2024-12-16,8.9,13.6,2,32.2,88
2024-12-17,7.5,12.4,358,31.5,88
2024-12-18,20.5,14.6,354,28.2,92
2024-12-19,5.4,16.6,358,29.4,87
2024-12-20,0.9,17.5,12,29.5,83
2024-12-21,11.5,15.2,11,29.5,89
2024-12-22,1.7,14.0,23,31.1,81
2024-12-23,25.7,11.5,10,30.7,84
2024-12-24,12.1,12.6,21,29.6,88
2024-12-25,7.4,11.6,7,29.6,87
2024-12-26,6.1,9.9,10,30.7,82
2024-12-27,1.6,9.2,30,31.1,81
2024-12-28,1.1,12.8,25,31.7,82
2024-12-29,5.2,13.6,18,32.2,85
2024-12-30,5.6,13.4,14,30.6,89
2024-12-31,12.8,13.2,4,31.5,88
2025-01-01,3.3,12.2,353,31.8,85
2025-01-02,7.2,11.9,20,31.7,83
2025-01-03,6.6,11.4,12,32.1,84
2025-01-04,12.6,12.4,16,31.4,85
2025-01-05,4.3,15.2,17,31.7,83
2025-01-06,2.0,18.2,28,31.1,80
2025-01-07,7.6,15.3,345,31.1,81
2025-01-08,0.7,13.8,7,31.9,80
2025-01-09,0.0,15.2,14,32.0,75
2025-01-10,86.6,16.8,340,25.1,94
2025-01-11,74.5,13.0,343,24.1,98
2025-01-12,42.6,19.1,20,27.5,93
2025-01-13,43.3,12.8,17,26.0,96
2025-01-14,12.3,17.2,25,28.4,90
2025-01-15,6.9,11.6,1,30.0,88
2025-01-16,9.0,18.0,19,31.4,86
2025-01-17,3.2,20.2,24,28.7,85
2025-01-18,11.3,18.0,8,29.2,87
2025-01-19,4.2,19.1,9,28.6,88
2025-01-20,0.1,15.0,7,29.3,83
2025-01-21,5.3,13.4,18,27.8,90
2025-01-22,2.0,11.8,25,28.9,88
2025-01-23,12.6,13.8,27,29.7,89
2025-01-24,10.8,13.9,17,30.0,89
2025-01-25,15.6,9.1,5,30.6,87
2025-01-26,19.7,10.7,355,30.5,89
2025-01-27,7.1,14.9,30,29.1,89
2025-01-28,3.2,17.1,24,30.1,82
2025-01-29,0.1,20.3,23,29.0,78
2025-01-30,0.0,16.9,15,30.3,74
2025-01-31,0.1,14.3,12,30.4,78
2025-02-01,0.2,14.2,3,30.7,76
2025-02-02,0.4,12.5,1,31.5,78
2025-02-03,0.6,12.2,10,32.2,77
2025-02-04,0.8,14.4,17,31.4,82
2025-02-05,6.1,15.9,14,27.0,89
2025-02-06,0.0,18.2,17,31.5,77
2025-02-07,0.3,16.1,21,31.6,77
2025-02-08,0.0,15.6,14,31.7,77
2025-02-09,3.0,19.7,22,31.0,78
2025-02-10,0.3,16.2,16,32.0,75
2025-02-11,2.4,14.4,23,32.8,73
2025-02-12,0.8,12.1,40,32.6,78
2025-02-13,0.9,13.5,44,33.6,79
2025-02-14,4.5,11.9,30,33.5,79
2025-02-15,10.1,10.4,2,33.0,84
2025-02-16,1.1,8.6,335,32.4,81
2025-02-17,2.9,10.3,337,31.1,86
2025-02-18,16.0,16.1,17,29.4,87
2025-02-19,0.3,13.2,26,29.8,83
2025-02-20,2.6,13.4,31,31.4,81
2025-02-21,3.8,10.9,13,31.5,83
2025-02-22,5.6,12.7,17,32.2,84
2025-02-23,7.7,9.2,5,30.6,86
2025-02-24,2.5,11.6,41,30.4,85
2025-02-25,14.2,16.0,39,29.8,87
2025-02-26,3.0,17.7,38,29.9,85
2025-02-27,8.8,16.9,32,29.3,85
2025-02-28,1.0,14.4,40,31.4,84
2025-03-01,0.6,12.1,35,31.2,83
2025-03-02,2.8,13.7,30,32.1,82
2025-03-03,1.1,9.1,25,32.7,80
2025-03-04,8.4,9.8,22,31.5,85
2025-03-05,30.0,9.1,321,31.6,91
2025-03-06,7.2,12.6,259,28.8,90
2025-03-07,0.6,6.3,42,32.3,84
2025-03-08,11.3,13.9,27,31.9,87
2025-03-09,6.5,14.7,24,30.2,87
2025-03-10,10.8,16.3,26,30.4,86
2025-03-11,5.8,11.6,37,31.9,84
2025-03-12,16.8,10.9,29,31.1,86
2025-03-13,29.6,9.7,79,30.6,88
2025-03-14,13.9,13.9,20,32.1,87
2025-03-15,3.5,10.7,45,31.2,86
2025-03-16,1.3,9.2,10,32.3,84
2025-03-17,2.9,11.3,13,32.0,81
2025-03-18,3.1,14.6,14,31.4,80
2025-03-19,38.8,10.0,350,25.1,96
2025-03-20,65.4,15.7,346,23.7,99
2025-03-21,6.9,19.8,0,29.8,88
2025-03-22,7.0,13.9,29,30.7,88
2025-03-23,3.0,13.9,20,31.3,86
2025-03-24,10.3,14.2,10,31.2,88
2025-03-25,2.1,12.8,357,31.6,85
2025-03-26,2.9,10.9,10,32.3,83
2025-03-27,0.7,9.2,341,32.5,84
2025-03-28,2.5,15.5,299,31.7,86
2025-03-29,12.8,7.7,1,31.8,88
2025-03-30,6.0,7.8,19,32.5,87
2025-03-31,18.2,7.6,5,32.0,89
2025-04-01,2.8,11.2,349,32.7,83
2025-04-02,13.4,12.1,322,31.5,84
2025-04-03,19.4,8.2,9,31.5,88
2025-04-04,18.9,8.1,24,31.2,89
2025-04-05,7.2,7.6,1,31.5,87
2025-04-06,5.3,12.6,22,32.1,88
2025-04-07,20.2,6.8,33,30.1,92
2025-04-08,4.3,7.6,54,29.9,91
2025-04-09,13.3,7.4,31,31.6,88
2025-04-10,10.2,8.1,321,31.5,88
2025-04-11,35.0,11.7,291,30.5,88
2025-04-12,38.0,11.4,304,32.2,87
2025-04-13,31.8,12.6,314,31.1,91
2025-04-14,5.6,8.8,1,32.7,87
2025-04-15,18.1,7.3,352,31.3,90
2025-04-16,20.2,8.0,348,29.6,89
2025-04-17,1.2,13.3,321,31.6,83
2025-04-18,2.5,10.5,340,33.1,84
2025-04-19,23.7,8.7,3,31.7,89
2025-04-20,1.4,7.2,319,32.0,88
2025-04-21,23.6,9.4,23,32.3,89
2025-04-22,9.1,8.0,65,30.9,89
2025-04-23,27.9,8.0,177,29.4,91
2025-04-24,5.1,6.0,347,32.0,89
2025-04-25,2.3,7.8,57,32.0,86
2025-04-26,8.0,11.5,63,31.1,88
2025-04-27,1.4,8.3,58,31.8,86
2025-04-28,9.3,9.7,26,32.7,89
2025-04-29,1.2,7.1,315,32.6,85
2025-04-30,7.9,8.8,352,31.9,86
2025-05-01,21.2,8.2,288,31.6,89
2025-05-02,4.9,9.0,249,31.4,87
2025-05-03,11.0,7.1,247,31.1,89
2025-05-04,5.5,11.8,251,31.5,85
2025-05-05,18.5,10.0,271,30.9,89
2025-05-06,0.3,11.1,180,31.8,83
2025-05-07,5.5,10.9,188,30.9,86
2025-05-08,9.7,9.8,309,31.9,88
2025-05-09,4.9,9.4,281,32.6,82
2025-05-10,2.7,7.9,331,33.6,84
2025-05-11,7.0,10.0,296,32.8,85
2025-05-12,11.9,8.2,334,32.3,89
2025-05-13,2.1,9.7,33,33.0,87
2025-05-14,0.0,7.2,282,30.7,86
2025-05-15,2.5,7.5,53,32.4,86
2025-05-16,2.3,9.0,72,32.9,86
2025-05-17,2.4,5.8,110,34.1,79
2025-05-18,42.7,11.5,306,31.1,91
2025-05-19,8.6,7.8,144,30.0,89
2025-05-20,10.5,14.3,117,30.5,86
2025-05-21,3.3,10.4,209,32.0,83
2025-05-22,13.9,11.6,301,32.8,87
2025-05-23,1.0,14.1,278,32.9,79
2025-05-24,4.6,10.9,269,33.6,79
2025-05-25,1.9,10.3,2,34.0,85
2025-05-26,0.1,11.5,348,34.0,77
2025-05-27,10.7,7.9,41,32.9,86
2025-05-28,2.2,8.0,92,33.6,81
2025-05-29,1.7,10.0,342,30.4,81
2025-05-30,11.7,12.5,91,30.9,87
2025-05-31,1.0,12.5,157,33.6,81
2025-06-01,0.0,10.4,161,32.8,82
2025-06-02,0.0,9.4,162,33.6,76
2025-06-03,6.6,10.3,163,32.2,78
2025-06-04,0.3,11.4,193,32.3,82
2025-06-05,23.5,13.2,165,30.6,86
2025-06-06,10.9,17.3,218,28.7,89
2025-06-07,0.3,13.3,209,31.7,76
2025-06-08,0.4,9.8,204,31.7,85
2025-06-09,1.0,9.8,192,32.1,83
2025-06-10,15.6,14.0,247,31.2,84
2025-06-11,0.2,9.9,189,31.8,82
2025-06-12,0.8,11.7,153,32.3,80
2025-06-13,0.4,12.6,153,33.1,76
2025-06-14,3.7,9.3,146,32.8,79
2025-06-15,5.1,9.6,66,32.9,84
2025-06-16,6.1,8.1,11,33.7,85
2025-06-17,27.6,11.5,274,30.0,90
2025-06-18,0.8,8.3,299,31.9,85
2025-06-19,0.0,7.6,313,31.2,79
2025-06-20,9.6,12.6,260,29.9,86
2025-06-21,0.6,13.3,182,31.4,81
2025-06-22,1.0,9.4,165,32.4,77
2025-06-23,0.0,8.5,207,31.9,80
2025-06-24,3.5,12.7,169,31.3,82
2025-06-25,1.6,13.4,168,31.6,78
2025-06-26,0.6,16.3,151,32.8,76
2025-06-27,3.7,13.5,154,31.9,78
2025-06-28,6.2,11.5,171,31.6,83
2025-06-29,0.7,11.2,240,31.5,80
2025-06-30,1.9,9.8,173,30.9,82
2025-07-01,1.6,9.6,173,32.7,78
2025-07-02,14.5,8.7,160,30.9,83
2025-07-03,12.1,9.6,115,30.9,88
2025-07-04,10.4,9.7,188,30.0,87
2025-07-05,1.7,13.8,186,30.6,86
2025-07-06,0.4,11.5,180,31.6,77
2025-07-07,0.7,13.8,164,31.0,77
2025-07-08,5.3,11.1,160,31.8,77
2025-07-09,6.8,11.8,204,31.8,79
2025-07-10,11.7,13.7,189,31.7,81
2025-07-11,4.4,13.1,206,31.9,79
2025-07-12,13.6,12.3,191,28.9,87
2025-07-13,1.2,10.1,173,30.9,84
2025-07-14,4.0,13.3,193,30.5,85
2025-07-15,1.1,18.4,180,29.9,83
2025-07-16,1.8,13.2,165,31.7,77
2025-07-17,0.3,11.6,162,32.1,80
2025-07-18,0.0,12.9,185,32.9,77
2025-07-19,0.6,15.3,170,31.8,78
2025-07-20,5.2,14.5,166,31.6,80
2025-07-21,1.1,12.9,152,31.0,80
2025-07-22,7.7,9.6,156,30.7,84
2025-07-23,1.4,11.9,154,30.8,81
2025-07-24,2.8,12.5,155,31.8,79
2025-07-25,3.1,10.9,111,32.3,81
2025-07-26,10.5,13.7,197,30.7,86
2025-07-27,2.1,10.7,159,31.9,80
2025-07-28,6.9,13.9,167,33.0,78
2025-07-29,0.9,14.8,159,32.3,76
2025-07-30,5.8,11.2,170,33.0,78
2025-07-31,2.8,11.8,159,31.8,78
2025-08-01,13.1,9.9,163,30.8,81
2025-08-02,9.6,10.9,176,31.7,82
2025-08-03,28.0,9.6,176,30.1,88
2025-08-04,16.4,9.7,158,29.6,91
2025-08-05,3.5,10.1,205,30.3,85
2025-08-06,6.5,10.8,172,30.5,82
2025-08-07,0.3,10.5,128,32.7,80
2025-08-08,0.5,10.7,133,32.5,78
2025-08-09,9.7,9.5,168,33.0,80
2025-08-10,10.5,11.4,158,30.8,85
2025-08-11,5.3,12.0,248,27.7,89
2025-08-12,5.2,8.5,191,31.6,84
2025-08-13,8.5,13.8,188,29.7,83
2025-08-14,0.7,12.8,176,30.6,79
2025-08-15,5.2,14.5,181,29.5,85
2025-08-16,1.2,12.9,172,30.6,80
2025-08-17,3.9,12.5,148,31.7,81
2025-08-18,27.4,10.5,166,29.6,88
2025-08-19,26.5,10.6,178,27.9,90
2025-08-20,0.5,9.0,171,30.4,81
2025-08-21,0.3,7.3,173,31.4,83
2025-08-22,0.0,11.0,157,32.5,78
2025-08-23,11.3,15.1,309,31.8,81
2025-08-24,26.5,20.0,231,27.4,89
2025-08-25,0.3,12.2,176,31.0,80
2025-08-26,5.1,15.7,157,31.5,84
2025-08-27,2.3,14.1,155,31.4,81
2025-08-28,2.6,14.3,233,31.1,83
2025-08-29,0.6,11.9,213,31.5,79
2025-08-30,21.2,13.9,233,30.5,86
2025-08-31,9.8,14.6,180,30.8,83
2025-09-01,4.4,10.7,213,28.5,86
2025-09-02,4.7,11.6,187,29.7,88
2025-09-03,3.0,12.4,189,30.5,84
2025-09-04,4.9,11.2,220,30.0,87
2025-09-05,8.4,12.6,234,30.2,85
2025-09-06,1.6,15.2,186,31.1,81
2025-09-07,11.9,11.2,179,27.6,92
2025-09-08,13.4,14.0,155,30.2,87
2025-09-09,5.8,9.0,146,29.8,89
2025-09-10,4.7,9.1,92,31.3,88
2025-09-11,28.1,10.8,305,31.0,90
2025-09-12,0.8,13.5,261,30.0,83
2025-09-13,7.1,13.2,245,28.7,86
2025-09-14,1.8,10.4,159,31.8,83
2025-09-15,11.7,11.8,209,29.8,80
2025-09-16,0.9,9.2,198,30.4,84
2025-09-17,11.5,8.8,210,26.4,93
2025-09-18,3.8,10.5,169,31.0,84
2025-09-19,2.7,9.1,136,31.1,86
2025-09-20,1.3,9.4,113,31.3,83
2025-09-21,2.1,10.6,150,32.1,82
2025-09-22,10.0,11.1,131,31.1,85
2025-09-23,1.6,9.0,194,32.9,79
2025-09-24,0.2,10.6,241,32.3,80
2025-09-25,9.9,9.1,219,33.0,81
2025-09-26,2.3,12.1,142,32.6,78
2025-09-27,15.0,9.0,157,32.0,80
2025-09-28,5.1,12.0,299,31.2,90
2025-09-29,0.0,12.2,205,31.0,80
2025-09-30,1.1,8.6,134,31.6,81
2025-10-01,15.2,11.0,72,30.9,85
2025-10-02,1.0,10.3,8,32.9,82
2025-10-03,14.2,9.0,259,30.9,88
2025-10-04,0.2,10.4,243,32.2,78
2025-10-05,3.1,14.1,99,32.3,82
2025-10-06,9.0,9.8,197,31.0,85
2025-10-07,1.8,12.4,253,30.4,82
2025-10-08,11.7,11.2,221,31.2,84
2025-10-09,9.8,12.0,204,28.9,85
2025-10-10,0.1,11.3,265,31.9,80
2025-10-11,0.6,12.5,183,31.8,82
2025-10-12,6.0,13.9,271,31.2,84
2025-10-13,0.9,9.1,144,32.3,83
2025-10-14,6.0,11.3,91,31.6,84
2025-10-15,3.0,13.3,68,32.3,82
2025-10-16,13.5,9.7,11,33.6,84
2025-10-17,20.0,9.5,350,31.8,88
2025-10-18,0.8,10.2,263,33.0,79
2025-10-19,2.4,10.6,268,31.6,83
2025-10-20,12.6,15.5,286,31.8,84
2025-10-21,0.2,10.0,340,31.6,84
2025-10-22,8.8,16.9,303,29.7,84
2025-10-23,16.0,14.0,284,31.6,78
2025-10-24,2.6,18.6,277,32.5,76
2025-10-25,1.3,14.7,239,31.6,76
2025-10-26,0.1,11.8,252,32.9,75
2025-10-27,0.4,11.2,253,32.2,78
2025-10-28,0.1,13.8,265,33.1,75
2025-10-29,0.1,14.6,251,31.9,81
2025-10-30,0.1,11.1,242,33.6,75
2025-10-31,3.8,11.4,191,32.7,80
2025-11-01,2.0,8.5,160,33.1,81
2025-11-02,14.4,7.0,55,33.6,84
2025-11-03,5.0,11.9,290,31.5,83
2025-11-04,1.4,14.8,323,31.5,85
2025-11-05,0.2,11.2,324,32.9,81
2025-11-06,1.7,14.2,269,33.1,77
2025-11-07,0.2,12.7,267,32.5,76
2025-11-08,0.0,14.3,274,33.6,74
2025-11-09,0.7,13.2,306,32.7,78
2025-11-10,12.2,14.2,282,30.8,86
2025-11-11,10.7,15.9,302,31.2,87
2025-11-12,1.5,14.4,299,29.2,89
2025-11-13,6.5,7.1,340,31.2,88
2025-11-14,18.6,10.9,335,32.0,90
2025-11-15,3.3,14.9,4,30.9,85
2025-11-16,8.3,10.2,335,29.6,92
2025-11-17,24.9,6.3,347,31.8,89
2025-11-18,10.5,14.0,328,31.4,87
2025-11-19,3.9,13.5,320,31.7,84
2025-11-20,10.3,12.4,297,30.1,90
2025-11-21,0.8,9.0,294,30.5,86
2025-11-22,17.0,12.1,293,30.6,87
2025-11-23,6.1,14.8,282,32.2,79
2025-11-24,3.1,9.8,263,31.1,85
2025-11-25,8.2,9.6,247,30.5,87
2025-11-26,11.5,12.8,262,31.7,85
2025-11-27,15.0,14.6,229,30.5,87
2025-11-28,20.1,18.9,269,28.9,90
2025-11-29,0.2,11.4,292,32.3,77
2025-11-30,1.1,8.4,47,32.0,81
2025-12-01,5.6,10.6,109,31.8,88
2025-12-02,12.1,12.5,219,25.6,95
2025-12-03,1.3,9.5,32,33.1,84
2025-12-04,22.8,9.3,331,31.3,91
2025-12-05,2.6,9.1,15,32.7,83
2025-12-06,3.5,17.4,11,30.2,84
2025-12-07,0.2,15.5,1,31.5,79
2025-12-08,0.1,15.5,13,29.5,78
2025-12-09,0.8,14.5,13,30.6,78
2025-12-10,7.4,11.2,8,31.6,84
2025-12-11,3.8,6.0,321,30.4,88
2025-12-12,18.2,11.1,15,31.9,88
2025-12-13,3.1,8.5,17,30.3,90
2025-12-14,27.1,11.6,12,28.8,91
2025-12-15,27.2,11.0,19,26.4,98
2025-12-16,37.6,11.6,356,27.4,96
2025-12-17,34.0,12.6,320,28.7,93
2025-12-18,25.8,22.3,342,29.0,89
2025-12-19,9.7,13.6,335,27.8,91
2025-12-20,8.7,13.9,353,31.0,87
2025-12-21,1.4,15.4,1,32.0,79
2025-12-22,0.0,17.6,3,32.2,77
2025-12-23,1.0,15.2,358,32.3,81
2025-12-24,0.6,15.5,1,32.5,80
2025-12-25,2.6,12.0,355,31.9,84
2025-12-26,17.9,12.2,3,32.0,87
2025-12-27,7.0,12.5,21,30.6,90
2025-12-28,15.9,10.1,16,30.8,89
2025-12-29,10.7,14.5,17,29.5,88
2025-12-30,0.2,15.9,18,30.9,78
2025-12-31,0.5,12.2,10,30.4,80
2026-01-01,4.7,11.9,10,30.4,83
2026-01-02,5.0,14.6,18,30.6,81
2026-01-03,1.7,15.3,360,29.8,83
2026-01-04,0.1,17.6,25,30.8,77
2026-01-05,1.3,11.2,16,30.8,81
2026-01-06,0.7,19.6,23,28.9,83
2026-01-07,27.4,16.3,32,28.9,91
2026-01-08,13.7,18.2,27,28.5,84
2026-01-09,1.7,19.3,23,29.3,77
2026-01-10,0.6,14.2,16,30.2,77
2026-01-11,0.0,16.8,13,30.1,76
2026-01-12,0.0,16.1,9,30.4,73
2026-01-13,1.4,14.6,11,30.8,79
2026-01-14,0.4,14.7,20,30.7,80
2026-01-15,0.4,11.9,24,30.5,81
2026-01-16,1.1,14.4,18,31.1,81
2026-01-17,1.4,15.0,14,30.7,80
2026-01-18,0.3,13.8,22,31.7,75
2026-01-19,0.2,13.5,20,31.4,74
2026-01-20,0.4,13.0,16,31.4,78
2026-01-21,0.2,13.0,19,31.3,76
2026-01-22,0.0,16.0,10,31.2,73
2026-01-23,0.6,18.4,14,31.2,74
2026-01-24,0.2,18.1,15,32.1,74
2026-01-25,0.6,16.4,27,30.7,76
2026-01-26,0.0,17.5,30,31.5,73
2026-01-27,0.0,16.1,20,30.8,72
2026-01-28,0.3,14.7,21,31.4,76
2026-01-29,1.1,14.6,24,30.4,78
2026-01-30,2.1,15.7,26,30.9,77
2026-01-31,0.2,15.2,25,32.2,76
2026-02-01,0.9,17.4,26,31.6,77
2026-02-02,0.0,19.6,25,31.5,70
2026-02-03,0.1,16.4,23,31.7,73
2026-02-04,2.5,17.6,11,33.0,77
2026-02-05,3.1,16.1,14,32.8,81
2026-02-06,0.6,11.4,13,31.4,79
2026-02-07,6.4,12.5,1,31.0,85
2026-02-08,0.1,14.7,34,31.5,78
2026-02-09,0.0,18.4,25,31.4,69
2026-02-10,1.1,15.7,12,31.9,77
2026-02-11,1.3,16.4,12,31.8,80
2026-02-12,3.0,16.3,15,30.3,80
2026-02-13,4.5,15.1,25,30.2,83
2026-02-14,4.2,14.9,27,31.9,82
2026-02-15,2.7,12.4,20,30.9,82
2026-02-16,29.1,13.2,14,29.9,89
2026-02-17,54.5,13.4,336,25.4,98
2026-02-18,11.0,18.3,12,28.6,91
2026-02-19,26.1,15.9,8,27.6,94
2026-02-20,0.2,19.2,16,29.4,87
2026-02-21,0.5,16.1,20,31.0,83
2026-02-22,1.0,15.4,8,31.2,80
2026-02-23,3.7,12.0,342,31.4,86
2026-02-24,3.3,9.3,14,32.2,82
2026-02-25,9.4,11.1,34,31.7,84
2026-02-26,4.0,11.6,289,31.2,84
2026-02-27,12.0,10.1,298,31.8,86
2026-02-28,1.2,9.7,28,32.6,83
2026-03-01,0.8,8.4,23,33.2,82
2026-03-02,9.9,11.5,13,32.9,85
2026-03-03,3.8,14.1,343,32.9,86
2026-03-04,3.5,15.4,353,31.1,87
2026-03-05,1.4,11.8,359,32.1,82
2026-03-06,0.7,12.5,7,32.3,82
2026-03-07,5.2,13.5,13,31.6,81
2026-03-08,1.0,13.8,21,32.5,76
2026-03-09,0.0,13.4,28,32.3,77
2026-03-10,0.0,14.3,28,32.8,74
2026-03-11,0.0,12.6,27,32.7,75
2026-03-12,8.6,13.2,34,32.1,82
2026-03-13,0.7,14.9,37,31.6,78
2026-03-14,2.0,16.1,35,31.1,77
2026-03-15,20.7,15.9,33,31.9,81
2026-03-16,1.0,13.5,27,32.4,77
2026-03-17,2.7,13.0,34,32.7,77
2026-03-18,2.1,11.9,34,32.8,78
2026-03-19,2.2,12.9,30,32.7,74
2026-03-20,2.5,11.3,19,33.1,76
2026-03-21,0.2,13.7,19,33.6,73
2026-03-22,0.0,15.5,23,32.5,72
2026-03-23,0.1,14.1,18,33.5,70
2026-03-24,0.1,16.1,18,33.4,73
2026-03-25,0.1,14.2,14,33.5,69
2026-03-26,0.7,14.3,22,32.9,73
2026-03-27,4.6,12.7,27,33.4,75
2026-03-28,1.8,12.5,44,32.2,76
2026-03-29,8.7,8.6,38,32.8,83
2026-03-30,6.4,9.5,56,33.4,84
2026-03-31,13.6,7.2,67,30.8,84
2026-04-01,1.0,11.4,41,33.4,80
2026-04-02,2.7,9.9,104,32.2,82
2026-04-03,0.4,9.5,75,33.3,77
2026-04-04,12.1,9.9,155,33.0,86
2026-04-05,17.0,7.8,62,33.4,83
2026-04-06,2.0,12.3,222,32.7,78
2026-04-07,20.6,9.4,281,29.8,92
2026-04-08,5.7,10.2,73,32.3,88
2026-04-09,11.0,7.7,328,31.7,89
2026-04-10,6.5,11.3,33,31.9,87
2026-04-11,10.6,14.6,92,31.6,87
2026-04-12,18.3,8.1,65,31.4,86
2026-04-13,1.1,10.3,101,32.2,83
2026-04-14,3.9,13.3,131,32.4,84
2026-04-15,2.9,12.0,208,31.6,86
2026-04-16,1.4,10.4,124,32.5,82
2026-04-17,6.6,11.3,130,31.6,81
2026-04-18,9.4,10.4,48,33.8,83
2026-04-19,1.2,7.6,62,32.3,87
2026-04-20,4.9,11.8,40,32.4,87
2026-04-21,29.0,7.0,299,31.4,92
2026-04-22,18.1,6.4,83,31.9,86
2026-04-23,9.1,8.6,91,31.9,86
2026-04-24,9.1,11.3,71,31.5,85
2026-04-25,6.3,10.7,45,32.9,86
2026-04-26,4.1,11.7,46,31.8,89
2026-04-27,15.4,9.1,73,32.7,89
2026-04-28,1.7,9.5,63,32.4,86
2026-04-29,2.5,8.1,58,32.9,84
2026-04-30,6.9,7.4,32,32.6,86
2026-05-01,14.0,8.3,73,32.3,87
2026-05-02,8.3,8.2,48,31.8,88
2026-05-03,40.3,10.2,16,32.5,91
2026-05-04,16.9,6.3,353,30.3,91
2026-05-05,8.7,6.2,69,32.5,89
2026-05-06,6.2,4.8,130,31.6,91
2026-05-07,12.4,8.3,131,30.6,91
2026-05-08,23.1,8.5,224,28.9,95
2026-05-09,5.9,8.9,166,30.6,88
2026-05-10,1.7,10.2,112,32.6,87
2026-05-11,4.8,6.5,2,32.3,86
2026-05-12,18.9,8.2,138,31.8,91
2026-05-13,3.0,13.0,254,30.1,89
2026-05-14,5.1,9.7,221,31.8,84
2026-05-15,35.3,9.8,267,28.4,94
2026-05-16,22.7,9.4,266,26.4,99
2026-05-17,1.8,9.1,203,31.7,85
2026-05-18,27.5,10.1,47,31.8,94
2026-05-19,6.7,9.1,51,31.4,91
2026-05-20,8.1,7.7,53,33.0,87
2026-05-21,8.5,8.5,251,32.2,85
2026-05-22,0.7,8.4,231,32.5,80
2026-05-23,7.8,7.5,27,32.3,88
2026-05-24,8.5,7.5,8,29.3,93
2026-05-25,21.9,7.6,349,28.8,94
2026-05-26,0.5,9.6,238,32.5,83
2026-05-27,1.1,9.9,230,33.3,79
2026-05-28,2.0,13.3,235,31.8,81
2026-05-29,13.0,13.5,196,31.0,87
2026-05-30,3.7,8.3,230,31.9,83
2026-05-31,6.9,8.1,153,32.4,85
2026-06-01,3.4,10.4,197,31.8,83
2026-06-02,1.3,11.0,176,32.5,75
2026-06-03,4.0,12.1,162,32.2,80
2026-06-04,3.6,13.9,154,33.1,79
2026-06-05,4.7,15.3,145,33.1,81
2026-06-06,3.8,11.0,156,33.4,79
2026-06-07,8.3,12.1,147,32.6,84
2026-06-08,13.9,10.9,161,30.9,89
2026-06-09,3.3,10.7,236,31.2,87
2026-06-10,18.1,10.9,238,31.2,86
2026-06-11,18.5,11.2,76,29.9,93
2026-06-12,12.5,9.4,77,28.1,91
2026-06-13,0.7,8.1,131,32.1,83
2026-06-14,2.7,10.2,119,31.3,81
2026-06-15,5.6,9.6,211,31.6,87
2026-06-16,1.7,11.9,136,31.3,84
2026-06-17,9.2,9.8,135,30.8,87
2026-06-18,2.6,9.3,123,31.8,84
2026-06-19,6.4,10.5,135,31.8,82
2026-06-20,6.6,7.8,220,30.6,88
2026-06-21,9.3,7.9,128,31.1,90
2026-06-22,7.9,10.5,259,29.9,93
2026-06-23,0.6,9.6,164,31.8,83
2026-06-24,29.0,9.8,256,30.3,94
2026-06-25,2.2,14.1,172,31.1,85
2026-06-26,1.0,13.0,157,31.9,83
2026-06-27,0.3,11.0,171,32.3,79
2026-06-28,0.9,11.5,143,32.0,81
2026-06-29,8.0,11.6,150,32.0,83
2026-06-30,7.0,9.3,239,29.9,88
2026-07-01,2.4,14.6,166,31.3,83
2026-07-02,1.7,10.3,170,30.0,87
2026-07-03,4.9,9.5,126,30.7,87
2026-07-04,1.5,11.6,115,32.5,81
2026-07-05,8.4,9.4,116,31.7,84
2026-07-06,11.8,8.8,148,31.6,90
2026-07-07,8.8,13.7,152,31.4,81
2026-07-08,9.8,10.0,154,30.8,86
2026-07-09,11.8,12.2,166,29.6,89
2026-07-10,1.6,10.6,163,31.8,79
2026-07-11,5.4,14.6,166,31.1,80
2026-07-12,1.3,16.6,173,30.6,79
2026-07-13,1.2,13.8,148,31.8,75
2026-07-14,1.4,14.0,149,32.2,75
2026-07-15,4.9,11.0,143,32.2,79
2026-07-16,2.5,10.9,136,32.8,79
2026-07-17,5.4,12.1,125,30.0,84
2026-07-18,3.7,9.5,113,32.5,84
2026-07-19,0.2,11.4,159,32.7,78
2026-07-20,7.0,9.8,129,32.0,80
2026-07-21,3.3,9.6,143,32.6,83
2026-07-22,15.5,12.0,167,29.7,87
2026-07-23,5.9,14.4,181,29.4,86
2026-07-24,4.3,12.7,145,32.0,83
2026-07-25,7.9,11.6,156,29.7,85
2026-07-26,16.8,12.9,159,28.6,91
2026-07-27,1.4,12.2,152,31.2,78
2026-07-28,2.0,9.8,136,31.6,81
2026-07-29,3.6,10.6,149,31.3,83
2026-07-30,16.8,10.3,134,30.7,83
2026-07-31,3.2,11.8,117,31.9,81
2026-08-01,5.1,13.2,128,32.2,80
2026-08-02,0.3,11.1,135,32.6,78
2026-08-03,0.5,12.4,149,32.9,77
2026-08-04,4.2,13.9,169,32.1,78
2026-08-05,0.5,12.4,151,32.8,76
2026-08-06,4.8,14.8,158,31.7,80
2026-08-07,1.8,15.1,162,32.1,79
2026-08-08,0.7,15.2,155,32.2,74
2026-08-09,0.0,14.1,152,32.4,71
2026-08-10,0.0,14.4,159,32.0,73
2026-08-11,0.3,14.4,155,31.9,73
2026-08-12,0.0,12.8,153,32.3,72
2026-08-13,0.1,13.3,159,31.6,74
2026-08-14,0.4,12.6,160,32.9,73
2026-08-15,2.8,10.4,158,32.7,77
2026-08-16,7.3,13.7,138,33.7,81
2026-08-17,9.3,12.4,155,32.2,83
2026-08-18,5.4,11.8,147,32.4,78
2026-08-19,3.6,14.9,207,32.6,80
2026-08-20,2.0,15.5,162,32.4,79
2026-08-21,0.5,17.0,155,32.6,73
2026-08-22,0.1,14.1,161,33.0,71
2026-08-23,0.0,15.0,154,32.7,70
2026-08-24,0.0,14.9,160,32.6,75
2026-08-25,7.2,13.2,156,32.7,75
2026-08-26,4.4,11.1,171,29.8,83
2026-08-27,2.5,14.2,149,31.9,80
2026-08-28,3.1,15.6,146,32.3,75
2026-08-29,0.1,14.3,149,32.7,74
2026-08-30,0.2,11.5,171,32.1,78
2026-08-31,2.1,9.3,161,30.3,81
2026-09-01,3.7,15.8,142,32.9,79
2026-09-02,0.4,14.7,149,32.8,74
2026-09-03,0.1,13.5,154,32.6,73
2026-09-04,1.0,14.6,165,32.4,75
2026-09-05,0.1,13.4,150,33.0,73
2026-09-06,0.1,13.9,165,32.6,72
2026-09-07,0.7,12.8,139,32.8,73
2026-09-08,0.1,10.8,159,32.7,74
2026-09-09,3.2,12.1,150,33.0,76
2026-09-10,13.2,14.3,152,32.8,85
2026-09-11,36.9,7.6,126,29.6,93
2026-09-12,6.9,8.8,192,29.9,87
2026-09-13,0.5,13.1,145,32.3,78
2026-09-14,2.6,13.2,147,32.0,81
2026-09-15,1.5,11.8,148,32.5,81
2026-09-16,0.0,12.1,156,32.3,75
2026-09-17,0.8,11.7,154,32.0,75
2026-09-18,2.5,10.7,147,33.0,76
2026-09-19,17.5,11.3,144,31.7,86
2026-09-20,12.7,11.4,141,31.9,85
2026-09-21,17.1,9.0,105,31.9,87
2026-09-22,21.9,13.0,9,28.9,95
2026-09-23,10.3,10.6,153,31.6,86
2026-09-24,2.0,9.7,166,31.2,87
2026-09-25,4.4,10.2,127,33.3,83
2026-09-26,3.8,12.2,98,33.2,79
2026-09-27,31.6,9.8,287,28.8,96
2026-09-28,3.3,10.4,146,31.1,86
2026-09-29,0.3,11.9,91,32.6,82
2026-09-30,21.3,10.1,6,31.8,90
2026-10-01,2.7,9.1,39,32.1,87
2026-10-02,1.7,9.8,133,33.0,82
2026-10-03,2.9,10.8,158,33.0,82
2026-10-04,1.9,11.4,183,32.8,80
2026-10-05,0.7,10.5,155,32.8,78
2026-10-06,0.3,11.1,144,33.3,75
2026-10-07,2.7,10.5,124,32.8,78
2026-10-08,1.2,9.4,149,33.1,77
